date_str,time_str,headline,url
11/05/26,08:44,La SIAME confirme sa solidité financière en 2025,https://www.ilboursa.com/marches/la-siame-confirme-sa-solidite-financiere-en-2025_61623
04/03/26,08:46,SIAME : Le nombre de mandataires de justice réduit à deux,https://www.ilboursa.com/marches/siame-le-nombre-de-mandataires-de-justice-reduit-a-deux_60215
21/01/26,14:21,La SIAME voit son chiffre d'affaires croître de 8% en 2025,https://www.ilboursa.com/marches/la-siame-voit-son-chiffre-d-affaires-croitre-de-8-en-2025_59172
14/11/25,14:37,La SIAME reporte la distribution des dividendes au titre de 2024 sous instruction judiciaire,https://www.ilboursa.com/marches/la-siame-reporte-la-distribution-des-dividendes-au-titre-de-2024-sous-instruction-judiciaire_57655
20/10/25,09:23,Les ventes à la STEG dopent la croissance de la SIAME à fin septembre,https://www.ilboursa.com/marches/les-ventes-a-la-steg-dopent-la-croissance-de-la-siame-a-fin-septembre_56922
15/09/25,17:36,La SIAME annonce la démission de ses deux commissaires aux comptes,https://www.ilboursa.com/marches/la-siame-annonce-la-demission-de-ses-deux-commissaires-aux-comptes_55102
26/07/25,09:57,SIAME : Des réalisations semestrielles en progression malgré un contexte contrasté,https://www.ilboursa.com/marches/siame-des-realisations-semestrielles-en-progression-malgre-un-contexte-contraste_54051
07/07/25,15:36,La SIAME placée sous contrôle judiciaire,https://www.ilboursa.com/marches/la-siame-placee-sous-controle-judiciaire_53660
08/05/25,16:40,La SIAME annonce la création d'une nouvelle filiale en Algérie,https://www.ilboursa.com/marches/la-siame-annonce-la-creation-d-une-nouvelle-filiale-en-algerie_52553
28/04/25,15:23,SIAME : Repli de 9% du chiffre d’affaires au premier trimestre 2025,https://www.ilboursa.com/marches/siame-repli-de-9-du-chiffre-daffaires-au-premier-trimestre-2025_52364
26/03/25,14:00,La SIAME améliore de 65% son bénéfice net en 2024,https://www.ilboursa.com/marches/la-siame-ameliore-de-65-son-benefice-net-en-2024_51731
23/01/25,08:01,La SIAME voit ses revenus croître de 7% en 2024,https://www.ilboursa.com/marches/la-siame-voit-ses-revenus-croitre-de-7-en-2024_50443
23/10/24,15:52,La SIAME annonce 32 millions de dinars de chiffre d’affaires à fin septembre,https://www.ilboursa.com/marches/la-siame-annonce-32-millions-de-dinars-de-chiffre-daffaires-a-fin-septembre_48913
13/09/24,10:03,La SIAME améliore de plus de 50% son bénéfice net au premier semestre,https://www.ilboursa.com/marches/la-siame-ameliore-de-plus-de-50-son-benefice-net-au-premier-semestre_48114
24/07/24,14:05,La SIAME améliore de 14% ses revenus à 23 millions de dinars au premier semestre,https://www.ilboursa.com/marches/la-siame-ameliore-de-14-ses-revenus-a-23-millions-de-dinars-au-premier-semestre_47398
30/05/24,11:48,L'avenir s'annonce prometteur pour le groupe SIAME,https://www.ilboursa.com/marches/l-avenir-s-annonce-prometteur-pour-le-groupe-siame_46505
10/05/24,15:27,La SIAME remporte trois lots d'un appel d'offres de la STEG pour plus de 4 millions de dinars,https://www.ilboursa.com/marches/la-siame-remporte-trois-lots-d-un-appel-d-offres-de-la-steg-pour-plus-de-4-millions-de-dinars_46156
23/04/24,13:13,Les revenus de la SIAME s'envolent de 37% au premier trimestre à 12 millions de dinars,https://www.ilboursa.com/marches/les-revenus-de-la-siame-s-envolent-de-37-au-premier-trimestre-a-12-millions-de-dinars_45875
28/02/24,10:41,Mongi JELASSI : « Je promets une rentabilité conforme aux attentes des actionnaires »,https://www.ilboursa.com/marches/mongi-jelassi--je-promets-une-rentabilite-conforme-aux-attentes-des-actionnaires-_45040
22/01/24,08:44,La SIAME augmente de 50% ses revenus en 2023 à plus de 40 millions de dinars,https://www.ilboursa.com/marches/la-siame-augmente-de-50-ses-revenus-en-2023-a-plus-de-40-millions-de-dinars_44472
12/09/23,17:19,La SIAME voit son bénéfice net baisser de 40% au premier semestre,https://www.ilboursa.com/marches/la-siame-voit-son-benefice-net-baisser-de-40-au-premier-semestre_42535
20/07/23,09:12,La SIAME réalise un chiffre d'affaires de 20 millions de dinars au premier semestre,https://www.ilboursa.com/marches/la-siame-realise-un-chiffre-d-affaires-de-20-millions-de-dinars-au-premier-semestre_41729
06/07/23,09:42,Tunisie Valeurs recommande un positionnement à l’achat sur le titre SIAME,https://www.ilboursa.com/marches/tunisie-valeurs-recommande-un-positionnement-a-lachat-sur-le-titre-siame_41545
16/05/23,16:28,La SIAME remporte un marché de la STEG pour plus de 8 millions de dinars,https://www.ilboursa.com/marches/la-siame-remporte-un-marche-de-la-steg-pour-plus-de-8-millions-de-dinars_40752
11/05/23,08:07,"La SIAME annonce un bénéfice en baisse de 50% en 2022 à 1,8 million de dinars",https://www.ilboursa.com/marches/la-siame-annonce-un-benefice-en-baisse-de-50-en-2022-a-1-8-million-de-dinars_40656
15/02/23,08:46,La SIAME s'explique sur la baisse de ses revenus en 2022,https://www.ilboursa.com/marches/la-siame-s-explique-sur-la-baisse-de-ses-revenus-en-2022_39291
20/12/22,09:28,La SIAME célèbre son partenariat avec la société américaine SEMITECH,https://www.ilboursa.com/marches/la-siame-celebre-son-partenariat-avec-la-societe-americaine-semitech_38398
21/10/22,14:05,La SIAME voit ses revenus reculer de 23% à fin septembre à 22 millions de dinars,https://www.ilboursa.com/marches/la-siame-voit-ses-revenus-reculer-de-23-a-fin-septembre-a-22-millions-de-dinars_37331
02/09/22,10:13,La SIAME réalise un bénéfice net de près de 2 millions de dinars au premier semestre,https://www.ilboursa.com/marches/la-siame-realise-un-benefice-net-de-pres-de-2-millions-de-dinars-au-premier-semestre_36378
19/07/22,09:50,La SIAME remporte un nouvel Appel d'offres de la STEG pour 14 millions de dinars,https://www.ilboursa.com/marches/la-siame-remporte-un-nouvel-appel-d-offres-de-la-steg-pour-14-millions-de-dinars_35659
12/07/22,08:51,Smart Grid : Comment les sociétés sélectionnées se sont partagées les lots du marché de la STEG ?,https://www.ilboursa.com/marches/smart-grid-comment-les-societes-selectionnees-se-sont-partagees-les-lots-du-marche-de-la-steg-_35539
27/06/22,12:47,Smart Grid : Signature des contrats entre la STEG et les parties titulaires des marchés,https://www.ilboursa.com/marches/smart-grid-signature-des-contrats-entre-la-steg-et-les-parties-titulaires-des-marches_35322
03/06/22,10:03,SIAME : Cap sur les Smart Grids,https://www.ilboursa.com/marches/siame-cap-sur-les-smart-grids_34945
04/05/22,09:21,La SIAME augmente de 30% son bénéfice net en 2021,https://www.ilboursa.com/marches/la-siame-augmente-de-30-son-benefice-net-en-2021_34354
27/04/22,09:26,La chute des ventes à la STEG fait baisser de 6% les revenus trimestriels de la SIAME,https://www.ilboursa.com/marches/la-chute-des-ventes-a-la-steg-fait-baisser-de-6-les-revenus-trimestriels-de-la-siame_34255
21/03/22,15:22,Smart Grid : Le Groupement SAGEMCOM - SIAME remporte 2 lots de l'Appel d'Offres de la STEG,https://www.ilboursa.com/marches/smart-grid-le-groupement-sagemcom--siame-remporte-2-lots-de-l-appel-d-offres-de-la-steg_33501
20/01/22,08:09,La SIAME annonce un chiffre d'affaires de 40 millions de dinars en 2021,https://www.ilboursa.com/marches/la-siame-annonce-un-chiffre-d-affaires-de-40-millions-de-dinars-en-2021_32412
29/11/21,09:55,"COFIB Capital Finances recommande SIAME à l'achat avec un cours cible à 4,900 dinars",https://www.ilboursa.com/marches/cofib-capital-finances-recommande-siame-a-l-achat-avec-un-cours-cible-a-4-900-dinars_31576
25/10/21,10:12,La SIAME améliore de 42% son chiffre d'affaires à fin septembre à près de 30 millions de dinars,https://www.ilboursa.com/marches/la-siame-ameliore-de-42-son-chiffre-d-affaires-a-fin-septembre-a-pres-de-30-millions-de-dinars_30964
21/10/21,09:36,STEG : Le consortium SAGEM-SIAME aurait remporté la majorité des lots de l’Appel d’Offres Smart Grid,https://www.ilboursa.com/marches/steg-le-consortium-sagem-siame-aurait-remporte-la-majorite-des-lots-de-lappel-doffres-smart-grid_30893
06/09/21,09:29,La SIAME triple son bénéfice au premier semestre,https://www.ilboursa.com/marches/la-siame-triple-son-benefice-au-premier-semestre_30070
10/05/21,09:12,"La SIAME stabilise ses bénéfices nets à 2,7 millions de dinars en 2020",https://www.ilboursa.com/marches/la-siame-stabilise-ses-benefices-nets-a-2-7-millions-de-dinars-en-2020_28055
23/04/21,09:49,La SIAME augmente de 75% son chiffre d'affaires trimestriel à plus de 10 millions de dinars,https://www.ilboursa.com/marches/la-siame-augmente-de-75-son-chiffre-d-affaires-trimestriel-a-plus-de-10-millions-de-dinars_27771
09/03/21,15:03,"La SIAME signe un contrat de licence avec le Groupe Helvético-Suédois, ABB",https://www.ilboursa.com/marches/la-siame-signe-un-contrat-de-licence-avec-le-groupe-helvetico-suedois-abb_26970
01/02/21,14:18,"La SIAME réalise un chiffre d'affaires de 33 millions de dinars en 2020, en baisse de 5%",https://www.ilboursa.com/marches/la-siame-realise-un-chiffre-d-affaires-de-33-millions-de-dinars-en-2020-en-baisse-de-5_26343
07/12/20,10:28,La SIAME remporte trois lots de l'appel d'offres de la STEG pour 6 millions de dinars,https://www.ilboursa.com/marches/la-siame-remporte-trois-lots-de-l-appel-d-offres-de-la-steg-pour-6-millions-de-dinars_25502
08/09/20,11:35,La SIAME divise par deux ses bénéfices nets au premier semestre,https://www.ilboursa.com/marches/la-siame-divise-par-deux-ses-benefices-nets-au-premier-semestre_24031
24/07/20,10:06,SIAME : Les revenus chutent de 36% au premier semestre,https://www.ilboursa.com/marches/siame-les-revenus-chutent-de-36-au-premier-semestre_23393
07/07/20,13:44,La SIAME boucle l’ensemble des certifications requises en matière de comptage d’énergie,https://www.ilboursa.com/marches/la-siame-boucle-lensemble-des-certifications-requises-en-matiere-de-comptage-denergie_23136
01/06/20,11:24,"La SIAME annonce un bénéfice en baisse de 29% en 2019 et propose un dividende de 0,120 dinar",https://www.ilboursa.com/marches/la-siame-annonce-un-benefice-en-baisse-de-29-en-2019-et-propose-un-dividende-de-0-120-dinar_22609
26/12/19,14:30,"La SIAME, première société africaine et arabe certifiée G3-PLC",https://www.ilboursa.com/marches/la-siame-premiere-societe-africaine-et-arabe-certifiee-g3-plc_20180
21/11/19,16:10,La SIAME développe une solution de comptage intelligent '' Smart Metering '',https://www.ilboursa.com/marches/la-siame-developpe-une-solution-de-comptage-intelligent--smart-metering--_19740
25/04/19,08:49,La SIAME annonce des bénéfices en hausse de 123% en 2018,https://www.ilboursa.com/marches/la-siame-annonce-des-benefices-en-hausse-de-123-en-2018_17144
18/01/19,11:37,SIAME : Croissance de 19% des revenus en 2018 à 35 millions de dinars,https://www.ilboursa.com/marches/siame-croissance-de-19-des-revenus-en-2018-a-35-millions-de-dinars_15805
19/10/18,11:53,La SIAME améliore de 7% ses revenus à fin septembre à plus de 24 millions de dinars,https://www.ilboursa.com/marches/la-siame-ameliore-de-7-ses-revenus-a-fin-septembre-a-plus-de-24-millions-de-dinars_15089
05/09/18,13:51,Le bénéfice net de la SIAME s'envole de 55% au premier semestre,https://www.ilboursa.com/marches/le-benefice-net-de-la-siame-s-envole-de-55-au-premier-semestre_14776
19/07/18,09:47,"SIAME : Hausse des revenus de 14,7% au premier semestre à 15,9 millions de dinars",https://www.ilboursa.com/marches/siame-hausse-des-revenus-de-14-7-au-premier-semestre-a-15-9-millions-de-dinars_14496
25/04/18,08:48,La SIAME augmente de 50% son chiffre d'affaires trimestriel,https://www.ilboursa.com/marches/la-siame-augmente-de-50-son-chiffre-d-affaires-trimestriel_14046
24/01/18,13:01,SIAME : Progression de 25% du chiffre d'affaires en 2017,https://www.ilboursa.com/marches/siame-progression-de-25-du-chiffre-d-affaires-en-2017_13436
20/10/17,09:02,SIAME : Chiffre d'affaires en hausse de 34% à fin septembre,https://www.ilboursa.com/marches/siame-chiffre-d-affaires-en-hausse-de-34-a-fin-septembre_12670
06/09/17,08:30,La SIAME stabilise son bénéfice net semestriel à 1 million de dinars,https://www.ilboursa.com/marches/la-siame-stabilise-son-benefice-net-semestriel-a-1-million-de-dinars_12367
31/05/17,13:34,"La SIAME propose la distribution d'un dividende de 0,070 dinar par action",https://www.ilboursa.com/marches/la-siame-propose-la-distribution-d-un-dividende-de-0-070-dinar-par-action_11833
26/05/17,12:01,"SIAME : Chute de 23% du bénéfice net en 2016 à 1,6 million de dinars",https://www.ilboursa.com/marches/siame-chute-de-23-du-benefice-net-en-2016-a-1-6-million-de-dinars_11803
23/01/17,14:15,SIAME : Chute de 37% des exportations en 2016,https://www.ilboursa.com/marches/siame-chute-de-37-des-exportations-en-2016_10838
13/01/17,17:09,La SIAME signe un protocole d'accord avec la multinationale chinoise Huawei,https://www.ilboursa.com/marches/la-siame-signe-un-protocole-d-accord-avec-la-multinationale-chinoise-huawei_10755
20/09/16,12:00,"La société CONTACT, filiale de la SIAME, s'apprête à s'introduire en Bourse",https://www.ilboursa.com/marches/la-societe-contact-filiale-de-la-siame-s-apprete-a-s-introduire-en-bourse_10019
08/09/16,09:01,SIAME : Baisse de 16% des bénéfices au premier semestre,https://www.ilboursa.com/marches/siame-baisse-de-16-des-benefices-au-premier-semestre_9968
04/05/16,19:36,"La SIAME propose la distribution d'un dividende de 0,120 dinar par action",https://www.ilboursa.com/marches/la-siame-propose-la-distribution-d-un-dividende-de-0-120-dinar-par-action_9197
02/05/16,08:22,"SIAME : Quasi-stagnation du résultat net consolidé en 2015 à 2,1 millions de dinars",https://www.ilboursa.com/marches/siame-quasi-stagnation-du-resultat-net-consolide-en-2015-a-2-1-millions-de-dinars_9152
19/04/16,17:04,SIAME : Réalisation d'une transaction de bloc pour 162 mille dinars,https://www.ilboursa.com/marches/siame-realisation-d-une-transaction-de-bloc-pour-162-mille-dinars_9030
20/01/16,10:29,SIAME : Stagnation des revenus à 28 millions de dinars en 2015,https://www.ilboursa.com/marches/siame-stagnation-des-revenus-a-28-millions-de-dinars-en-2015_8374
21/10/15,13:02,SIAME : Quasi-stagnation des revenus à fin septembre 2015,https://www.ilboursa.com/marches/siame-quasi-stagnation-des-revenus-a-fin-septembre-2015_7758
30/07/15,14:46,SIAME : Signature d'un accord cadre avec la multinationale américaine General Electric,https://www.ilboursa.com/marches/siame-signature-d-un-accord-cadre-avec-la-multinationale-americaine-general-electric_7226
16/07/15,09:06,"SIAME : Hausse de 6,5% des revenus semestriels",https://www.ilboursa.com/marches/siame-hausse-de-6-5-des-revenus-semestriels_7131
27/04/15,20:36,"SIAME propose la distribution d'un dividende de 0,100 dinar par action",https://www.ilboursa.com/marches/siame-propose-la-distribution-d-un-dividende-de-0-100-dinar-par-action_6549
16/04/15,17:35,"SIAME: Hausse du chiffre d'affaires de 28,4% au premier trimestre à 7,7 million de dinars",https://www.ilboursa.com/marches/siame-hausse-du-chiffre-d-affaires-de-28-4-au-premier-trimestre-a-7-7-million-de-dinars_6443
18/07/14,13:09,SIAME : Revenus semestriels en hausse de 25%,https://www.ilboursa.com/marches/siame-revenus-semestriels-en-hausse-de-25_4749
02/05/14,15:15,"Siame distribuera un dividende de 0,100 dinar par action",https://www.ilboursa.com/marches/siame-distribuera-un-dividende-de-0-100-dinar-par-action_4209
21/04/14,10:02,"SIAME: Augmentation des revenus de 16,92% à fin mars",https://www.ilboursa.com/marches/siame-augmentation-des-revenus-de-16-92-a-fin-mars_4103
27/01/14,15:24,"Siame: Evolution du chiffre d'affaires de 26,4% en 2013",https://www.ilboursa.com/marches/siame-evolution-du-chiffre-d-affaires-de-26-4-en-2013_3435
24/10/13,21:57,"SIAME : Hausse de 21,7% du CA à fin septembre",https://www.ilboursa.com/marches/siame-hausse-de-21-7-du-ca-a-fin-septembre_2807
11/10/13,12:51,SIAME: Un parcours impressionnant cette semaine,https://www.ilboursa.com/marches/siame-un-parcours-impressionnant-cette-semaine_2704
27/09/13,09:43,"Siame: Recul du résultat net semestriel de 19,4%",https://www.ilboursa.com/marches/siame-recul-du-resultat-net-semestriel-de-19-4_2617
25/09/13,12:28,Siame à son plus bas niveau de valorisation depuis octobre 2009,https://www.ilboursa.com/marches/siame-a-son-plus-bas-niveau-de-valorisation-depuis-octobre-2009_2601
26/07/13,16:14,"SIAME: Progression des revenus de 15,7% au premier semestre",https://www.ilboursa.com/marches/siame-progression-des-revenus-de-15-7-au-premier-semestre_2355
20/06/13,13:01,SIAME: Mise en paiement des dividendes à partir du 15 juillet,https://www.ilboursa.com/marches/siame-mise-en-paiement-des-dividendes-a-partir-du-15-juillet_2092
17/06/13,18:39,"SIAME: Hausse du résultat net consolidé de 14,9% en 2012",https://www.ilboursa.com/marches/siame-hausse-du-resultat-net-consolide-de-14-9-en-2012_2074
28/05/13,17:48,"SIAME a réalisé un résultat net de 1,542 MDT en 2012",https://www.ilboursa.com/marches/siame-a-realise-un-resultat-net-de-1-542-mdt-en-2012_1941
22/04/13,17:31,"SIAME: Augmentation des revenus de 56,30% au cours du premier trimestre de 2013",https://www.ilboursa.com/marches/siame-augmentation-des-revenus-de-56-30-au-cours-du-premier-trimestre-de-2013_1690
23/01/13,16:39,"SIAME: Baisse du chiffre d'affaires de 2,46% en 2012",https://www.ilboursa.com/marches/siame-baisse-du-chiffre-d-affaires-de-2-46-en-2012_1199
29/11/12,15:44,"SIAME: Baisse du chiffre d'affaires de 8,2% au troisième trimestre 2012",https://www.ilboursa.com/marches/siame-baisse-du-chiffre-d-affaires-de-8-2-au-troisieme-trimestre-2012_917
30/10/12,09:15,Les employés de SIAME entament une grève de la faim,https://www.ilboursa.com/marches/les-employes-de-siame-entament-une-greve-de-la-faim_723
05/10/12,12:54,"SIAME: Baisse du résultat net semestriel de 2,4% à 782, 9 MDT",https://www.ilboursa.com/marches/siame-baisse-du-resultat-net-semestriel-de-2-4-a-782-9-mdt_586
24/07/12,13:15,SIAME: Des revenus en baisse de 4% au 2 éme trimestre 2012,https://www.ilboursa.com/marches/siame-des-revenus-en-baisse-de-4-au-2-eme-trimestre-2012_251
04/07/12,09:21,SIAME: Distribution d'un dividende de 0.070DT à partir du 13/07/2012,https://www.ilboursa.com/marches/siame-distribution-d-un-dividende-de-0070dt-a-partir-du-13072012_116
07/06/12,17:44,SIAME propose la distribution d'un dividende de 70 millimes par action,https://www.ilboursa.com/marches/siame-propose-la-distribution-d-un-dividende-de-70-millimes-par-action_40
