ticker_name,symbole,date,ouverture,haut,bas,cloture,volume
ENNAKL AUTOMOBILES,NAKL,2021-06-17,12.29,12.29,12.06,12.06,634
ENNAKL AUTOMOBILES,NAKL,2021-06-18,12.28,12.28,12.28,12.28,205
ENNAKL AUTOMOBILES,NAKL,2021-06-21,12.28,12.3,12.0,12.0,501
ENNAKL AUTOMOBILES,NAKL,2021-06-22,12.29,12.29,12.29,12.29,150
ENNAKL AUTOMOBILES,NAKL,2021-06-23,12.3,12.3,11.94,12.0,4252
ENNAKL AUTOMOBILES,NAKL,2021-06-24,12.29,12.29,11.8,12.0,6978
ENNAKL AUTOMOBILES,NAKL,2021-06-25,11.69,11.8,11.69,11.8,132
ENNAKL AUTOMOBILES,NAKL,2021-06-28,11.8,12.0,11.5,12.0,238
ENNAKL AUTOMOBILES,NAKL,2021-06-29,12.0,12.0,12.0,12.0,80
ENNAKL AUTOMOBILES,NAKL,2021-06-30,12.0,12.0,12.0,12.0,50
ENNAKL AUTOMOBILES,NAKL,2021-07-01,12.0,12.0,12.0,12.0,100
ENNAKL AUTOMOBILES,NAKL,2021-07-02,12.0,12.0,12.0,12.0,100
ENNAKL AUTOMOBILES,NAKL,2021-07-05,12.0,12.0,12.0,12.0,200
ENNAKL AUTOMOBILES,NAKL,2021-07-06,12.0,12.0,12.0,12.0,200
ENNAKL AUTOMOBILES,NAKL,2021-07-07,12.0,12.0,12.0,12.0,210
ENNAKL AUTOMOBILES,NAKL,2021-07-08,12.0,12.0,11.9,12.0,289
ENNAKL AUTOMOBILES,NAKL,2021-07-09,11.99,11.99,11.8,11.8,850
ENNAKL AUTOMOBILES,NAKL,2021-07-12,11.99,12.0,11.99,12.0,300
ENNAKL AUTOMOBILES,NAKL,2021-07-13,11.99,11.99,11.99,11.99,222
ENNAKL AUTOMOBILES,NAKL,2021-07-14,11.99,11.99,11.99,11.99,100
ENNAKL AUTOMOBILES,NAKL,2021-07-15,11.99,11.99,11.99,11.99,200
ENNAKL AUTOMOBILES,NAKL,2021-07-16,11.99,12.0,11.99,12.0,523
ENNAKL AUTOMOBILES,NAKL,2021-07-19,12.0,12.0,12.0,12.0,208
ENNAKL AUTOMOBILES,NAKL,2021-07-22,12.0,12.0,12.0,12.0,100
ENNAKL AUTOMOBILES,NAKL,2021-07-23,12.0,12.0,12.0,12.0,200
ENNAKL AUTOMOBILES,NAKL,2021-07-26,11.99,12.0,11.99,12.0,20
ENNAKL AUTOMOBILES,NAKL,2021-07-27,12.0,12.0,11.99,12.0,302
ENNAKL AUTOMOBILES,NAKL,2021-07-28,12.0,12.0,11.6,11.6,2635
ENNAKL AUTOMOBILES,NAKL,2021-07-29,11.6,11.6,11.1,11.1,4259
ENNAKL AUTOMOBILES,NAKL,2021-07-30,11.43,11.43,11.09,11.09,2223
ENNAKL AUTOMOBILES,NAKL,2021-08-02,11.08,11.4,10.75,10.75,14288
ENNAKL AUTOMOBILES,NAKL,2021-08-03,11.07,11.3,11.0,11.0,275
ENNAKL AUTOMOBILES,NAKL,2021-08-04,11.39,11.39,11.0,11.0,254
ENNAKL AUTOMOBILES,NAKL,2021-08-05,11.33,11.33,11.0,11.15,379
ENNAKL AUTOMOBILES,NAKL,2021-08-06,11.48,11.48,11.15,11.34,65
ENNAKL AUTOMOBILES,NAKL,2021-08-09,11.34,11.68,11.34,11.68,594
ENNAKL AUTOMOBILES,NAKL,2021-08-11,11.35,11.35,11.35,11.35,672
ENNAKL AUTOMOBILES,NAKL,2021-08-12,11.69,11.69,11.69,11.69,200
ENNAKL AUTOMOBILES,NAKL,2021-08-16,11.69,11.69,11.69,11.69,300
ENNAKL AUTOMOBILES,NAKL,2021-08-17,12.0,12.0,12.0,12.0,20
ENNAKL AUTOMOBILES,NAKL,2021-08-18,12.0,12.0,11.64,12.0,352
ENNAKL AUTOMOBILES,NAKL,2021-08-19,12.0,12.0,11.69,11.69,60
ENNAKL AUTOMOBILES,NAKL,2021-08-20,11.69,11.69,11.5,11.65,361
ENNAKL AUTOMOBILES,NAKL,2021-08-23,11.98,11.98,11.65,11.65,437
ENNAKL AUTOMOBILES,NAKL,2021-08-24,11.79,11.79,11.79,11.79,1
ENNAKL AUTOMOBILES,NAKL,2021-08-25,11.89,12.0,11.89,11.89,302
ENNAKL AUTOMOBILES,NAKL,2021-08-26,12.0,12.0,12.0,12.0,200
ENNAKL AUTOMOBILES,NAKL,2021-08-27,12.0,12.0,12.0,12.0,150
ENNAKL AUTOMOBILES,NAKL,2021-08-31,12.2,12.2,12.0,12.2,3
ENNAKL AUTOMOBILES,NAKL,2021-09-02,12.2,12.2,12.2,12.2,10
ENNAKL AUTOMOBILES,NAKL,2021-09-03,12.0,12.0,12.0,12.0,200
ENNAKL AUTOMOBILES,NAKL,2021-09-06,12.1,12.1,12.1,12.1,10
ENNAKL AUTOMOBILES,NAKL,2021-09-07,12.1,12.1,12.1,12.1,300
ENNAKL AUTOMOBILES,NAKL,2021-09-08,12.1,12.1,12.1,12.1,5
ENNAKL AUTOMOBILES,NAKL,2021-09-09,12.1,12.2,12.1,12.2,100
ENNAKL AUTOMOBILES,NAKL,2021-09-10,12.01,12.01,12.0,12.0,300
ENNAKL AUTOMOBILES,NAKL,2021-09-13,12.2,12.2,12.0,12.19,721
ENNAKL AUTOMOBILES,NAKL,2021-09-14,12.2,12.2,12.2,12.2,100
ENNAKL AUTOMOBILES,NAKL,2021-09-16,12.2,12.2,12.15,12.15,535
ENNAKL AUTOMOBILES,NAKL,2021-09-17,12.2,12.2,12.2,12.2,30
ENNAKL AUTOMOBILES,NAKL,2021-09-20,12.2,12.2,12.2,12.2,3
ENNAKL AUTOMOBILES,NAKL,2021-09-22,12.19,12.19,12.19,12.19,30
ENNAKL AUTOMOBILES,NAKL,2021-09-23,12.19,12.19,12.19,12.19,50
ENNAKL AUTOMOBILES,NAKL,2021-09-24,12.2,12.2,12.2,12.2,20
ENNAKL AUTOMOBILES,NAKL,2021-09-27,11.8,11.8,11.8,11.8,35
ENNAKL AUTOMOBILES,NAKL,2021-09-28,12.19,12.19,12.15,12.19,20
ENNAKL AUTOMOBILES,NAKL,2021-09-30,12.15,12.19,12.15,12.18,144
ENNAKL AUTOMOBILES,NAKL,2021-10-01,12.18,12.18,12.18,12.18,102
ENNAKL AUTOMOBILES,NAKL,2021-10-04,12.17,12.18,11.8,12.17,110
ENNAKL AUTOMOBILES,NAKL,2021-10-05,12.2,12.2,12.17,12.2,20
ENNAKL AUTOMOBILES,NAKL,2021-10-06,12.14,12.2,12.0,12.14,26
ENNAKL AUTOMOBILES,NAKL,2021-10-07,11.7,12.14,11.7,11.7,200
ENNAKL AUTOMOBILES,NAKL,2021-10-08,11.7,11.7,11.6,11.7,6723
ENNAKL AUTOMOBILES,NAKL,2021-10-11,12.14,12.14,11.7,12.14,50
ENNAKL AUTOMOBILES,NAKL,2021-10-12,11.7,12.19,11.7,11.7,4372
ENNAKL AUTOMOBILES,NAKL,2021-10-13,12.16,12.16,11.7,12.16,110
ENNAKL AUTOMOBILES,NAKL,2021-10-14,11.65,12.16,11.65,11.65,69
ENNAKL AUTOMOBILES,NAKL,2021-10-19,12.1,12.1,11.65,12.1,482
ENNAKL AUTOMOBILES,NAKL,2021-10-20,12.1,12.1,12.1,12.1,1
ENNAKL AUTOMOBILES,NAKL,2021-10-21,12.0,12.1,12.0,12.0,300
ENNAKL AUTOMOBILES,NAKL,2021-10-22,12.0,12.0,11.99,12.0,300
ENNAKL AUTOMOBILES,NAKL,2021-10-25,12.0,12.0,12.0,12.0,350
ENNAKL AUTOMOBILES,NAKL,2021-10-26,11.99,12.0,11.7,11.99,252
ENNAKL AUTOMOBILES,NAKL,2021-10-27,11.98,11.99,11.98,11.98,500
ENNAKL AUTOMOBILES,NAKL,2021-10-28,11.99,11.99,11.98,11.99,400
ENNAKL AUTOMOBILES,NAKL,2021-10-29,11.98,11.99,11.97,11.98,530
ENNAKL AUTOMOBILES,NAKL,2021-11-01,11.9,11.98,11.75,11.9,340
ENNAKL AUTOMOBILES,NAKL,2021-11-02,11.8,12.0,11.75,11.8,268
ENNAKL AUTOMOBILES,NAKL,2021-11-03,12.0,12.0,11.8,12.0,100
ENNAKL AUTOMOBILES,NAKL,2021-11-05,12.06,12.06,12.0,12.06,100
ENNAKL AUTOMOBILES,NAKL,2021-11-08,12.06,12.06,12.06,12.06,110
ENNAKL AUTOMOBILES,NAKL,2021-11-09,12.0,12.1,12.0,12.0,210
ENNAKL AUTOMOBILES,NAKL,2021-11-11,12.0,12.1,12.0,12.0,356
ENNAKL AUTOMOBILES,NAKL,2021-11-12,12.1,12.1,12.0,12.1,200
ENNAKL AUTOMOBILES,NAKL,2021-11-15,12.12,12.19,11.76,12.12,334
ENNAKL AUTOMOBILES,NAKL,2021-11-17,12.19,12.19,12.0,12.19,565
ENNAKL AUTOMOBILES,NAKL,2021-11-18,12.19,12.19,12.18,12.19,300
ENNAKL AUTOMOBILES,NAKL,2021-11-19,12.0,12.19,12.0,12.0,195
ENNAKL AUTOMOBILES,NAKL,2021-11-22,12.0,12.19,11.76,12.0,304
ENNAKL AUTOMOBILES,NAKL,2021-11-23,12.19,12.19,12.0,12.19,100
ENNAKL AUTOMOBILES,NAKL,2021-11-24,12.19,12.19,12.19,12.19,350
ENNAKL AUTOMOBILES,NAKL,2021-11-25,12.2,12.2,12.15,12.2,165
ENNAKL AUTOMOBILES,NAKL,2021-11-26,12.3,12.3,12.2,12.3,300
ENNAKL AUTOMOBILES,NAKL,2021-11-29,12.3,12.3,12.3,12.3,50
ENNAKL AUTOMOBILES,NAKL,2021-11-30,12.3,12.3,12.3,12.3,26
ENNAKL AUTOMOBILES,NAKL,2021-12-02,12.3,12.3,12.3,12.3,150
ENNAKL AUTOMOBILES,NAKL,2021-12-03,12.3,12.3,12.2,12.3,560
ENNAKL AUTOMOBILES,NAKL,2021-12-06,12.3,12.3,12.25,12.3,470
ENNAKL AUTOMOBILES,NAKL,2021-12-07,12.3,12.3,12.29,12.3,800
ENNAKL AUTOMOBILES,NAKL,2021-12-10,12.2,12.3,12.2,12.2,500
ENNAKL AUTOMOBILES,NAKL,2021-12-13,12.29,12.3,12.01,12.29,1155
ENNAKL AUTOMOBILES,NAKL,2022-03-14,11.72,11.72,11.72,11.72,400
ENNAKL AUTOMOBILES,NAKL,2022-03-16,11.8,11.8,11.72,11.8,616
ENNAKL AUTOMOBILES,NAKL,2022-03-24,11.75,11.8,11.75,11.75,430
ENNAKL AUTOMOBILES,NAKL,2022-03-30,11.7,11.7,11.7,11.7,104
ENNAKL AUTOMOBILES,NAKL,2022-03-31,11.7,11.7,11.7,11.7,95
ENNAKL AUTOMOBILES,NAKL,2022-04-01,11.7,11.7,11.7,11.7,19
ENNAKL AUTOMOBILES,NAKL,2022-04-04,11.7,11.7,11.7,11.7,144
ENNAKL AUTOMOBILES,NAKL,2022-04-05,11.24,11.7,11.24,11.24,1936
ENNAKL AUTOMOBILES,NAKL,2022-04-06,11.24,11.24,11.24,11.24,200
ENNAKL AUTOMOBILES,NAKL,2022-04-07,11.24,11.24,11.24,11.24,70
ENNAKL AUTOMOBILES,NAKL,2022-04-08,11.0,11.24,11.0,11.0,1578
ENNAKL AUTOMOBILES,NAKL,2022-04-11,11.0,11.0,11.0,11.0,830
ENNAKL AUTOMOBILES,NAKL,2022-04-12,11.0,11.0,11.0,11.0,70
ENNAKL AUTOMOBILES,NAKL,2022-04-13,11.0,11.0,11.0,11.0,300
ENNAKL AUTOMOBILES,NAKL,2022-04-14,11.0,11.0,11.0,11.0,2850
ENNAKL AUTOMOBILES,NAKL,2022-04-15,11.0,11.0,11.0,11.0,2000
ENNAKL AUTOMOBILES,NAKL,2022-04-19,10.5,10.51,10.5,10.5,475
ENNAKL AUTOMOBILES,NAKL,2022-04-20,10.5,10.5,10.3,10.5,1350
ENNAKL AUTOMOBILES,NAKL,2022-04-21,10.3,10.5,10.3,10.3,2809
ENNAKL AUTOMOBILES,NAKL,2022-04-22,10.3,10.3,10.3,10.3,115
ENNAKL AUTOMOBILES,NAKL,2022-04-25,10.3,10.3,10.3,10.3,600
ENNAKL AUTOMOBILES,NAKL,2022-04-26,10.3,10.3,10.3,10.3,447
ENNAKL AUTOMOBILES,NAKL,2022-04-27,10.3,10.5,10.3,10.3,150
ENNAKL AUTOMOBILES,NAKL,2022-04-28,10.5,10.5,10.3,10.5,310
ENNAKL AUTOMOBILES,NAKL,2022-05-05,11.0,11.0,10.97,11.0,103
ENNAKL AUTOMOBILES,NAKL,2022-05-06,11.0,11.0,11.0,11.0,241
ENNAKL AUTOMOBILES,NAKL,2022-05-09,11.0,11.0,11.0,11.0,620
ENNAKL AUTOMOBILES,NAKL,2022-05-10,11.0,11.0,10.99,11.0,144
ENNAKL AUTOMOBILES,NAKL,2022-05-11,11.49,11.49,11.0,11.49,345
ENNAKL AUTOMOBILES,NAKL,2022-05-12,11.49,11.49,11.49,11.49,417
ENNAKL AUTOMOBILES,NAKL,2022-05-13,11.49,11.49,11.49,11.49,200
ENNAKL AUTOMOBILES,NAKL,2022-05-16,11.49,11.49,11.39,11.49,431
ENNAKL AUTOMOBILES,NAKL,2022-05-17,11.49,11.49,11.49,11.49,413
ENNAKL AUTOMOBILES,NAKL,2022-05-18,11.48,11.48,11.48,11.48,416
ENNAKL AUTOMOBILES,NAKL,2022-05-19,11.49,11.49,11.48,11.49,1800
ENNAKL AUTOMOBILES,NAKL,2022-05-20,11.48,11.49,11.48,11.48,110
ENNAKL AUTOMOBILES,NAKL,2022-05-23,11.48,11.48,11.48,11.48,209
ENNAKL AUTOMOBILES,NAKL,2022-05-24,11.49,11.49,11.48,11.49,185
ENNAKL AUTOMOBILES,NAKL,2022-05-27,11.49,11.49,11.49,11.49,448
ENNAKL AUTOMOBILES,NAKL,2022-06-01,11.48,11.48,11.48,11.48,110
ENNAKL AUTOMOBILES,NAKL,2022-06-02,11.48,11.48,11.48,11.48,87
ENNAKL AUTOMOBILES,NAKL,2022-06-15,11.45,11.45,11.45,11.45,100
ENNAKL AUTOMOBILES,NAKL,2022-06-16,11.45,11.45,11.45,11.45,20
ENNAKL AUTOMOBILES,NAKL,2022-06-23,11.45,11.45,11.4,11.45,50
ENNAKL AUTOMOBILES,NAKL,2022-06-24,11.45,11.45,11.45,11.45,10
ENNAKL AUTOMOBILES,NAKL,2022-06-30,11.2,11.2,11.04,11.2,200
ENNAKL AUTOMOBILES,NAKL,2022-07-04,11.6,11.6,11.5,11.6,35
ENNAKL AUTOMOBILES,NAKL,2022-07-05,11.7,11.7,11.6,11.7,50
ENNAKL AUTOMOBILES,NAKL,2022-07-06,11.5,11.7,11.5,11.5,90
ENNAKL AUTOMOBILES,NAKL,2022-07-07,11.5,11.5,11.5,11.5,100
ENNAKL AUTOMOBILES,NAKL,2022-07-08,11.5,11.5,11.5,11.5,100
ENNAKL AUTOMOBILES,NAKL,2022-07-11,11.5,11.5,11.5,11.5,155
ENNAKL AUTOMOBILES,NAKL,2022-07-12,11.45,11.5,11.45,11.45,100
ENNAKL AUTOMOBILES,NAKL,2022-07-13,11.5,11.5,11.45,11.5,40
ENNAKL AUTOMOBILES,NAKL,2022-07-14,11.5,11.5,11.5,11.5,328
ENNAKL AUTOMOBILES,NAKL,2022-07-15,11.5,11.5,11.5,11.5,960
ENNAKL AUTOMOBILES,NAKL,2022-07-18,11.45,11.5,11.45,11.45,95
ENNAKL AUTOMOBILES,NAKL,2022-07-19,11.45,11.45,11.45,11.45,100
ENNAKL AUTOMOBILES,NAKL,2022-07-20,11.42,11.49,11.42,11.42,520
ENNAKL AUTOMOBILES,NAKL,2022-07-21,11.5,11.5,11.42,11.5,20
ENNAKL AUTOMOBILES,NAKL,2022-07-22,11.44,11.5,11.44,11.44,100
ENNAKL AUTOMOBILES,NAKL,2022-07-26,11.5,11.5,11.44,11.5,135
ENNAKL AUTOMOBILES,NAKL,2022-07-27,11.45,11.5,11.45,11.45,135
ENNAKL AUTOMOBILES,NAKL,2022-07-28,11.5,11.5,11.45,11.5,145
ENNAKL AUTOMOBILES,NAKL,2022-07-29,11.49,11.5,10.99,11.49,129
ENNAKL AUTOMOBILES,NAKL,2022-08-02,11.48,11.49,11.48,11.48,140
ENNAKL AUTOMOBILES,NAKL,2022-08-04,11.48,11.48,11.48,11.48,90
ENNAKL AUTOMOBILES,NAKL,2022-08-05,11.48,11.48,11.48,11.48,120
ENNAKL AUTOMOBILES,NAKL,2022-08-08,11.48,11.49,11.48,11.48,66
ENNAKL AUTOMOBILES,NAKL,2022-08-09,11.48,11.49,11.48,11.48,69
ENNAKL AUTOMOBILES,NAKL,2022-08-10,11.49,11.49,11.48,11.49,67
ENNAKL AUTOMOBILES,NAKL,2022-08-11,11.49,11.49,11.49,11.49,71
ENNAKL AUTOMOBILES,NAKL,2022-08-12,11.45,11.49,11.45,11.45,95
ENNAKL AUTOMOBILES,NAKL,2022-08-15,11.49,11.49,11.45,11.49,90
ENNAKL AUTOMOBILES,NAKL,2022-08-16,11.5,11.5,11.49,11.5,80
ENNAKL AUTOMOBILES,NAKL,2022-08-17,11.45,11.5,11.45,11.45,340
ENNAKL AUTOMOBILES,NAKL,2022-08-18,11.5,11.5,11.45,11.5,96
ENNAKL AUTOMOBILES,NAKL,2022-08-19,10.99,11.5,10.99,10.99,202
ENNAKL AUTOMOBILES,NAKL,2022-08-22,10.8,10.99,10.8,10.8,600
ENNAKL AUTOMOBILES,NAKL,2022-08-23,10.8,10.9,10.8,10.8,364
ENNAKL AUTOMOBILES,NAKL,2022-08-24,11.28,11.28,10.8,11.28,72
ENNAKL AUTOMOBILES,NAKL,2022-08-25,11.28,11.28,11.28,11.28,100
ENNAKL AUTOMOBILES,NAKL,2022-08-26,11.25,11.28,11.25,11.25,148
ENNAKL AUTOMOBILES,NAKL,2022-08-29,11.25,11.25,11.25,11.25,78
ENNAKL AUTOMOBILES,NAKL,2022-08-30,11.25,11.25,11.25,11.25,80
ENNAKL AUTOMOBILES,NAKL,2022-08-31,11.25,11.25,11.25,11.25,603
ENNAKL AUTOMOBILES,NAKL,2022-09-01,11.25,11.25,11.25,11.25,671
ENNAKL AUTOMOBILES,NAKL,2022-09-02,11.25,11.25,11.25,11.25,329
ENNAKL AUTOMOBILES,NAKL,2022-09-05,11.25,11.25,11.25,11.25,335
ENNAKL AUTOMOBILES,NAKL,2022-09-06,11.25,11.25,11.25,11.25,102
ENNAKL AUTOMOBILES,NAKL,2022-09-07,11.5,11.5,11.25,11.5,76
ENNAKL AUTOMOBILES,NAKL,2022-09-08,11.5,11.5,11.5,11.5,100
ENNAKL AUTOMOBILES,NAKL,2022-09-09,11.25,11.5,11.25,11.25,298
ENNAKL AUTOMOBILES,NAKL,2022-09-12,11.25,11.25,11.25,11.25,907
ENNAKL AUTOMOBILES,NAKL,2022-09-13,11.5,11.5,11.25,11.5,517
ENNAKL AUTOMOBILES,NAKL,2022-09-14,11.5,11.5,11.5,11.5,79
ENNAKL AUTOMOBILES,NAKL,2022-09-15,11.5,11.5,11.5,11.5,78
ENNAKL AUTOMOBILES,NAKL,2022-09-16,11.5,11.5,11.5,11.5,283
ENNAKL AUTOMOBILES,NAKL,2022-09-19,11.25,11.5,11.25,11.25,1830
ENNAKL AUTOMOBILES,NAKL,2022-09-20,11.5,11.5,11.25,11.5,120
ENNAKL AUTOMOBILES,NAKL,2022-09-21,11.5,11.5,11.5,11.5,165
ENNAKL AUTOMOBILES,NAKL,2022-09-22,11.49,11.5,11.49,11.49,20
ENNAKL AUTOMOBILES,NAKL,2022-09-23,11.25,11.49,11.25,11.25,78
ENNAKL AUTOMOBILES,NAKL,2022-09-26,11.3,11.3,11.25,11.3,34
ENNAKL AUTOMOBILES,NAKL,2022-09-27,11.49,11.49,11.3,11.49,705
ENNAKL AUTOMOBILES,NAKL,2022-09-28,11.5,11.5,11.49,11.5,500
ENNAKL AUTOMOBILES,NAKL,2022-09-29,11.51,11.51,11.5,11.51,160
ENNAKL AUTOMOBILES,NAKL,2022-09-30,11.5,11.51,11.3,11.5,735
ENNAKL AUTOMOBILES,NAKL,2022-10-03,11.5,11.5,11.5,11.5,343
ENNAKL AUTOMOBILES,NAKL,2022-10-04,11.5,11.5,11.5,11.5,200
ENNAKL AUTOMOBILES,NAKL,2022-10-05,11.25,11.5,11.25,11.25,1430
ENNAKL AUTOMOBILES,NAKL,2022-10-06,11.25,11.75,11.25,11.25,1058
ENNAKL AUTOMOBILES,NAKL,2022-10-07,11.2,11.74,11.2,11.2,1830
ENNAKL AUTOMOBILES,NAKL,2022-10-10,11.5,11.5,11.2,11.5,30
ENNAKL AUTOMOBILES,NAKL,2022-10-11,11.75,11.75,11.5,11.75,70
ENNAKL AUTOMOBILES,NAKL,2022-10-12,11.5,11.75,11.5,11.5,92
ENNAKL AUTOMOBILES,NAKL,2022-10-13,11.5,11.73,11.5,11.5,70
ENNAKL AUTOMOBILES,NAKL,2022-10-14,11.72,11.72,11.5,11.72,50566
ENNAKL AUTOMOBILES,NAKL,2022-10-17,11.5,11.72,11.2,11.5,584
ENNAKL AUTOMOBILES,NAKL,2022-10-18,11.5,11.72,11.5,11.5,193
ENNAKL AUTOMOBILES,NAKL,2022-10-19,11.2,11.69,11.2,11.2,2313
ENNAKL AUTOMOBILES,NAKL,2022-10-21,11.2,11.69,11.2,11.2,1170
ENNAKL AUTOMOBILES,NAKL,2022-10-24,11.66,11.66,11.2,11.66,10
ENNAKL AUTOMOBILES,NAKL,2022-10-25,11.68,11.68,11.66,11.68,19
ENNAKL AUTOMOBILES,NAKL,2022-10-26,11.68,11.68,11.68,11.68,34
ENNAKL AUTOMOBILES,NAKL,2022-10-31,11.5,11.68,11.5,11.5,45
ENNAKL AUTOMOBILES,NAKL,2022-11-01,11.64,11.64,11.5,11.64,10
ENNAKL AUTOMOBILES,NAKL,2022-11-02,11.49,11.64,11.49,11.49,40
ENNAKL AUTOMOBILES,NAKL,2022-11-04,11.4,11.49,11.4,11.4,96
ENNAKL AUTOMOBILES,NAKL,2022-11-08,11.1,11.4,11.1,11.1,620
ENNAKL AUTOMOBILES,NAKL,2022-11-09,11.1,11.1,11.1,11.1,57
ENNAKL AUTOMOBILES,NAKL,2022-11-10,11.38,11.38,11.1,11.38,10
ENNAKL AUTOMOBILES,NAKL,2022-11-11,11.0,11.38,11.0,11.0,910
ENNAKL AUTOMOBILES,NAKL,2022-11-14,11.39,11.39,11.0,11.39,10
ENNAKL AUTOMOBILES,NAKL,2022-11-17,11.35,11.39,11.0,11.35,200
ENNAKL AUTOMOBILES,NAKL,2022-11-18,11.25,11.35,11.25,11.25,266
ENNAKL AUTOMOBILES,NAKL,2022-11-21,11.35,11.35,11.25,11.35,10
ENNAKL AUTOMOBILES,NAKL,2022-11-24,11.35,11.35,11.35,11.35,200
ENNAKL AUTOMOBILES,NAKL,2022-11-25,11.06,11.35,11.06,11.06,35
ENNAKL AUTOMOBILES,NAKL,2022-11-28,11.35,11.35,11.06,11.35,20
ENNAKL AUTOMOBILES,NAKL,2022-11-29,11.1,11.35,11.1,11.1,53
ENNAKL AUTOMOBILES,NAKL,2022-11-30,11.35,11.35,11.1,11.35,2
ENNAKL AUTOMOBILES,NAKL,2022-12-01,11.5,11.5,11.35,11.5,325
ENNAKL AUTOMOBILES,NAKL,2022-12-02,11.5,11.5,11.5,11.5,200
ENNAKL AUTOMOBILES,NAKL,2022-12-06,11.7,11.7,11.5,11.7,500
ENNAKL AUTOMOBILES,NAKL,2023-03-13,11.43,11.5,11.43,11.43,750
ENNAKL AUTOMOBILES,NAKL,2023-03-14,11.49,11.49,11.43,11.49,100
ENNAKL AUTOMOBILES,NAKL,2023-03-16,11.5,11.5,11.49,11.5,1500
ENNAKL AUTOMOBILES,NAKL,2023-03-17,11.49,11.5,11.49,11.49,200
ENNAKL AUTOMOBILES,NAKL,2023-03-21,11.49,11.49,11.49,11.49,560
ENNAKL AUTOMOBILES,NAKL,2023-03-22,11.5,11.5,11.49,11.5,10
ENNAKL AUTOMOBILES,NAKL,2023-03-24,11.5,11.5,11.5,11.5,300
ENNAKL AUTOMOBILES,NAKL,2023-03-27,11.5,11.5,11.5,11.5,190
ENNAKL AUTOMOBILES,NAKL,2023-03-29,11.5,11.5,11.5,11.5,190
ENNAKL AUTOMOBILES,NAKL,2023-03-30,11.5,11.5,11.5,11.5,216
ENNAKL AUTOMOBILES,NAKL,2023-04-03,11.5,11.5,11.5,11.5,60
ENNAKL AUTOMOBILES,NAKL,2023-04-12,11.48,11.5,11.0,11.48,2285
ENNAKL AUTOMOBILES,NAKL,2023-04-13,11.5,11.5,11.48,11.5,227
ENNAKL AUTOMOBILES,NAKL,2023-04-19,11.5,11.5,11.3,11.39,2153
ENNAKL AUTOMOBILES,NAKL,2023-04-20,11.39,11.4,11.39,11.4,310
ENNAKL AUTOMOBILES,NAKL,2023-05-02,11.4,11.4,11.35,11.4,1650
ENNAKL AUTOMOBILES,NAKL,2023-05-03,11.4,11.4,11.39,11.4,270
ENNAKL AUTOMOBILES,NAKL,2023-05-05,11.4,11.4,11.4,11.4,230
ENNAKL AUTOMOBILES,NAKL,2023-05-10,11.4,11.4,11.01,11.01,710
ENNAKL AUTOMOBILES,NAKL,2023-05-11,11.01,11.38,11.01,11.38,30
ENNAKL AUTOMOBILES,NAKL,2023-05-12,11.38,11.39,11.38,11.39,229
ENNAKL AUTOMOBILES,NAKL,2023-05-15,11.39,11.39,11.35,11.35,260
ENNAKL AUTOMOBILES,NAKL,2023-05-16,11.35,11.35,11.35,11.35,85
ENNAKL AUTOMOBILES,NAKL,2023-05-17,11.35,11.35,11.35,11.35,100
ENNAKL AUTOMOBILES,NAKL,2023-05-18,11.35,11.35,11.35,11.35,190
ENNAKL AUTOMOBILES,NAKL,2023-05-22,11.35,11.35,11.34,11.35,360
ENNAKL AUTOMOBILES,NAKL,2023-05-23,11.35,11.35,11.02,11.02,1073
ENNAKL AUTOMOBILES,NAKL,2023-05-24,11.02,11.39,11.02,11.02,236
ENNAKL AUTOMOBILES,NAKL,2023-05-25,11.02,11.24,11.02,11.24,60
ENNAKL AUTOMOBILES,NAKL,2023-05-26,11.24,11.39,11.23,11.25,2766
ENNAKL AUTOMOBILES,NAKL,2023-05-29,11.25,11.25,11.25,11.25,140
ENNAKL AUTOMOBILES,NAKL,2023-05-30,11.25,11.25,11.24,11.25,400
ENNAKL AUTOMOBILES,NAKL,2023-05-31,11.25,11.25,11.24,11.24,539
ENNAKL AUTOMOBILES,NAKL,2023-06-02,11.24,11.24,11.0,11.0,2461
ENNAKL AUTOMOBILES,NAKL,2023-06-05,11.0,11.25,11.0,11.25,50
ENNAKL AUTOMOBILES,NAKL,2023-06-08,11.25,11.25,10.8,11.23,230
ENNAKL AUTOMOBILES,NAKL,2023-06-15,11.23,11.23,11.23,11.23,40
ENNAKL AUTOMOBILES,NAKL,2023-06-16,11.23,11.24,11.2,11.24,152
ENNAKL AUTOMOBILES,NAKL,2023-06-19,11.24,11.24,11.0,11.19,674
ENNAKL AUTOMOBILES,NAKL,2023-06-21,11.19,11.2,11.0,11.2,54
ENNAKL AUTOMOBILES,NAKL,2023-06-23,11.2,11.4,11.19,11.4,1884
ENNAKL AUTOMOBILES,NAKL,2023-06-26,11.4,11.6,11.4,11.6,355
ENNAKL AUTOMOBILES,NAKL,2023-06-27,11.6,11.78,11.54,11.78,3230
ENNAKL AUTOMOBILES,NAKL,2023-06-30,11.13,11.55,11.13,11.5,595
ENNAKL AUTOMOBILES,NAKL,2023-07-03,11.5,11.5,11.5,11.5,50
ENNAKL AUTOMOBILES,NAKL,2023-07-12,11.5,11.5,11.49,11.5,300
ENNAKL AUTOMOBILES,NAKL,2023-07-13,11.5,11.5,11.0,11.25,550
ENNAKL AUTOMOBILES,NAKL,2023-07-14,11.25,11.5,11.25,11.5,240
ENNAKL AUTOMOBILES,NAKL,2023-07-17,11.5,11.5,11.5,11.5,95
ENNAKL AUTOMOBILES,NAKL,2023-07-21,11.5,11.5,11.4,11.4,30
ENNAKL AUTOMOBILES,NAKL,2023-07-24,11.4,11.6,11.4,11.6,117602
ENNAKL AUTOMOBILES,NAKL,2023-07-26,11.6,11.6,11.6,11.6,100
ENNAKL AUTOMOBILES,NAKL,2023-07-28,11.6,11.6,11.55,11.55,59
ENNAKL AUTOMOBILES,NAKL,2023-07-31,11.55,11.55,11.0,11.0,160
ENNAKL AUTOMOBILES,NAKL,2023-08-01,11.0,11.5,11.0,11.5,200
ENNAKL AUTOMOBILES,NAKL,2023-08-08,11.5,11.5,11.5,11.5,830
ENNAKL AUTOMOBILES,NAKL,2023-08-10,11.5,11.5,11.5,11.5,300
ENNAKL AUTOMOBILES,NAKL,2023-08-11,11.5,11.5,11.5,11.5,190
ENNAKL AUTOMOBILES,NAKL,2023-08-14,11.5,11.5,11.5,11.5,190
ENNAKL AUTOMOBILES,NAKL,2023-08-15,11.5,11.5,11.49,11.49,130
ENNAKL AUTOMOBILES,NAKL,2023-08-16,11.49,11.49,11.48,11.48,400
ENNAKL AUTOMOBILES,NAKL,2023-08-17,11.48,11.48,11.47,11.48,313
ENNAKL AUTOMOBILES,NAKL,2023-08-18,11.48,11.48,11.47,11.48,330
ENNAKL AUTOMOBILES,NAKL,2023-08-21,11.48,11.48,11.47,11.47,220
ENNAKL AUTOMOBILES,NAKL,2023-08-22,11.47,11.47,11.47,11.47,140
ENNAKL AUTOMOBILES,NAKL,2023-08-23,11.47,11.48,11.4,11.4,360
ENNAKL AUTOMOBILES,NAKL,2023-08-24,11.4,11.45,11.4,11.45,205
ENNAKL AUTOMOBILES,NAKL,2023-08-25,11.45,11.48,11.45,11.48,195
ENNAKL AUTOMOBILES,NAKL,2023-08-28,11.48,11.48,10.94,11.48,210
ENNAKL AUTOMOBILES,NAKL,2023-08-29,11.48,11.48,10.95,10.95,79
ENNAKL AUTOMOBILES,NAKL,2023-08-30,10.95,11.48,10.95,11.48,769
ENNAKL AUTOMOBILES,NAKL,2023-08-31,11.48,11.48,11.0,11.0,1671
ENNAKL AUTOMOBILES,NAKL,2023-09-01,11.0,11.47,11.0,11.0,660
ENNAKL AUTOMOBILES,NAKL,2023-09-04,11.0,11.0,11.0,11.0,320
ENNAKL AUTOMOBILES,NAKL,2023-09-05,11.0,11.0,11.0,11.0,550
ENNAKL AUTOMOBILES,NAKL,2023-09-06,11.0,11.0,11.0,11.0,100
ENNAKL AUTOMOBILES,NAKL,2023-09-07,11.0,11.24,11.0,11.24,160
ENNAKL AUTOMOBILES,NAKL,2023-09-11,11.24,11.38,10.99,11.38,413
ENNAKL AUTOMOBILES,NAKL,2023-09-12,11.38,11.38,11.24,11.25,200
ENNAKL AUTOMOBILES,NAKL,2023-09-13,11.25,11.25,11.0,11.0,3247
ENNAKL AUTOMOBILES,NAKL,2023-09-14,11.0,11.0,11.0,11.0,786
ENNAKL AUTOMOBILES,NAKL,2023-09-15,11.0,11.0,10.97,11.0,2568
ENNAKL AUTOMOBILES,NAKL,2023-09-18,11.0,11.0,11.0,11.0,850
ENNAKL AUTOMOBILES,NAKL,2023-09-19,11.0,11.0,10.9,10.9,1086
ENNAKL AUTOMOBILES,NAKL,2023-09-20,10.9,11.0,10.9,11.0,100
ENNAKL AUTOMOBILES,NAKL,2023-09-21,11.0,11.0,11.0,11.0,490
ENNAKL AUTOMOBILES,NAKL,2023-09-22,11.0,11.37,11.0,11.37,186
ENNAKL AUTOMOBILES,NAKL,2023-09-25,11.37,11.37,11.36,11.37,150
ENNAKL AUTOMOBILES,NAKL,2023-09-28,11.37,11.37,10.98,11.37,84
ENNAKL AUTOMOBILES,NAKL,2023-09-29,11.37,11.37,10.98,10.98,1166
ENNAKL AUTOMOBILES,NAKL,2023-10-02,10.98,11.36,10.98,11.35,280
ENNAKL AUTOMOBILES,NAKL,2023-10-03,11.35,11.35,10.98,11.19,1929
ENNAKL AUTOMOBILES,NAKL,2023-10-04,11.19,11.33,11.19,11.33,200
ENNAKL AUTOMOBILES,NAKL,2023-10-05,11.33,11.33,10.9,10.9,2307
ENNAKL AUTOMOBILES,NAKL,2023-10-06,10.9,10.9,10.79,10.79,1023
ENNAKL AUTOMOBILES,NAKL,2023-10-09,10.79,10.79,10.79,10.79,550
ENNAKL AUTOMOBILES,NAKL,2023-10-10,10.79,11.33,10.79,11.2,64
ENNAKL AUTOMOBILES,NAKL,2023-10-11,11.2,11.2,11.2,11.2,30
ENNAKL AUTOMOBILES,NAKL,2023-10-13,11.2,11.2,11.14,11.14,190
ENNAKL AUTOMOBILES,NAKL,2023-10-16,11.14,11.14,10.71,11.1,130
ENNAKL AUTOMOBILES,NAKL,2023-10-18,11.1,11.1,10.9,11.1,267
ENNAKL AUTOMOBILES,NAKL,2023-10-19,11.1,11.29,11.09,11.29,156
ENNAKL AUTOMOBILES,NAKL,2023-10-24,11.29,11.29,10.74,10.74,2685
ENNAKL AUTOMOBILES,NAKL,2023-10-25,10.74,10.74,10.5,10.5,3220
ENNAKL AUTOMOBILES,NAKL,2023-10-26,10.5,11.0,10.5,11.0,100
ENNAKL AUTOMOBILES,NAKL,2023-10-27,11.0,11.0,10.4,11.0,135
ENNAKL AUTOMOBILES,NAKL,2023-10-31,11.0,11.0,11.0,11.0,300
ENNAKL AUTOMOBILES,NAKL,2023-11-01,11.0,11.0,11.0,11.0,200
ENNAKL AUTOMOBILES,NAKL,2023-11-03,11.0,11.0,10.8,11.0,630
ENNAKL AUTOMOBILES,NAKL,2023-11-06,11.0,11.0,11.0,11.0,227
ENNAKL AUTOMOBILES,NAKL,2023-11-07,11.0,11.0,11.0,11.0,280
ENNAKL AUTOMOBILES,NAKL,2023-11-08,11.0,11.0,11.0,11.0,350
ENNAKL AUTOMOBILES,NAKL,2023-11-09,11.0,11.0,11.0,11.0,303
ENNAKL AUTOMOBILES,NAKL,2023-11-10,11.0,11.0,10.41,11.0,385
ENNAKL AUTOMOBILES,NAKL,2023-11-13,11.0,11.0,11.0,11.0,245
ENNAKL AUTOMOBILES,NAKL,2023-11-14,11.0,11.0,10.94,11.0,118
ENNAKL AUTOMOBILES,NAKL,2023-11-15,11.0,11.0,11.0,11.0,290
ENNAKL AUTOMOBILES,NAKL,2023-11-16,11.0,11.0,11.0,11.0,146
ENNAKL AUTOMOBILES,NAKL,2023-11-17,11.0,11.0,11.0,11.0,240
ENNAKL AUTOMOBILES,NAKL,2023-11-20,11.0,11.2,10.95,11.2,1896
ENNAKL AUTOMOBILES,NAKL,2023-11-21,11.2,11.2,11.2,11.2,200
ENNAKL AUTOMOBILES,NAKL,2023-11-22,11.2,11.2,11.19,11.19,600
ENNAKL AUTOMOBILES,NAKL,2023-11-23,11.19,11.33,11.18,11.33,1360
ENNAKL AUTOMOBILES,NAKL,2023-11-27,11.33,11.35,11.2,11.2,915
ENNAKL AUTOMOBILES,NAKL,2023-11-28,11.2,11.32,10.54,11.32,835
ENNAKL AUTOMOBILES,NAKL,2023-11-29,11.32,11.48,11.31,11.48,2460
ENNAKL AUTOMOBILES,NAKL,2023-11-30,11.48,11.8,11.35,11.8,2708
ENNAKL AUTOMOBILES,NAKL,2023-12-01,11.8,11.8,11.1,11.1,5700
ENNAKL AUTOMOBILES,NAKL,2024-03-04,10.35,10.55,10.35,10.35,6084
ENNAKL AUTOMOBILES,NAKL,2024-03-05,10.35,10.55,10.3,10.35,3702
ENNAKL AUTOMOBILES,NAKL,2024-03-06,10.35,10.5,10.35,10.5,2015
ENNAKL AUTOMOBILES,NAKL,2024-03-07,10.5,10.6,10.35,10.35,4164
ENNAKL AUTOMOBILES,NAKL,2024-03-08,10.35,10.5,10.35,10.35,4148
ENNAKL AUTOMOBILES,NAKL,2024-03-11,10.35,10.58,10.35,10.58,1
ENNAKL AUTOMOBILES,NAKL,2024-03-12,10.58,10.58,10.2,10.2,4681
ENNAKL AUTOMOBILES,NAKL,2024-03-13,10.2,10.3,10.1,10.2,1292
ENNAKL AUTOMOBILES,NAKL,2024-03-14,10.2,10.58,10.2,10.4,41323
ENNAKL AUTOMOBILES,NAKL,2024-03-15,10.4,10.58,10.4,10.58,319
ENNAKL AUTOMOBILES,NAKL,2024-03-18,10.58,10.6,10.58,10.58,634
ENNAKL AUTOMOBILES,NAKL,2024-03-19,10.58,10.67,10.58,10.67,393
ENNAKL AUTOMOBILES,NAKL,2024-03-21,10.67,10.71,10.5,10.71,520
ENNAKL AUTOMOBILES,NAKL,2024-03-22,10.71,10.71,10.68,10.69,510
ENNAKL AUTOMOBILES,NAKL,2024-03-25,10.69,10.69,10.55,10.69,411
ENNAKL AUTOMOBILES,NAKL,2024-03-26,10.69,10.69,10.5,10.5,1198
ENNAKL AUTOMOBILES,NAKL,2024-03-28,10.5,10.89,10.5,10.85,4543
ENNAKL AUTOMOBILES,NAKL,2024-03-29,10.85,10.9,10.85,10.87,481
ENNAKL AUTOMOBILES,NAKL,2024-04-01,10.87,10.87,10.85,10.85,681
ENNAKL AUTOMOBILES,NAKL,2024-04-02,10.85,10.85,10.7,10.7,1179
ENNAKL AUTOMOBILES,NAKL,2024-04-03,10.7,10.85,10.7,10.85,1018
ENNAKL AUTOMOBILES,NAKL,2024-04-04,10.85,10.85,10.72,10.84,694
ENNAKL AUTOMOBILES,NAKL,2024-04-05,10.84,10.84,10.7,10.84,489
ENNAKL AUTOMOBILES,NAKL,2024-04-08,10.84,10.84,10.48,10.79,986
ENNAKL AUTOMOBILES,NAKL,2024-04-12,10.79,10.79,10.6,10.79,275
ENNAKL AUTOMOBILES,NAKL,2024-04-15,10.79,10.8,10.79,10.8,102
ENNAKL AUTOMOBILES,NAKL,2024-04-16,10.8,10.8,10.57,10.78,50
ENNAKL AUTOMOBILES,NAKL,2024-04-18,10.78,10.78,10.78,10.78,5
ENNAKL AUTOMOBILES,NAKL,2024-04-19,10.78,10.8,10.6,10.78,2107
ENNAKL AUTOMOBILES,NAKL,2024-04-22,10.78,10.79,10.78,10.79,856
ENNAKL AUTOMOBILES,NAKL,2024-04-23,10.79,10.79,10.7,10.79,648
ENNAKL AUTOMOBILES,NAKL,2024-04-24,10.79,10.79,10.77,10.77,1125
ENNAKL AUTOMOBILES,NAKL,2024-04-25,10.77,10.77,10.65,10.65,722
ENNAKL AUTOMOBILES,NAKL,2024-04-26,10.65,10.7,10.6,10.69,316
ENNAKL AUTOMOBILES,NAKL,2024-04-29,10.69,10.7,10.65,10.7,1906
ENNAKL AUTOMOBILES,NAKL,2024-04-30,10.7,10.77,10.69,10.7,2259
ENNAKL AUTOMOBILES,NAKL,2024-05-02,10.7,10.7,10.55,10.7,387
ENNAKL AUTOMOBILES,NAKL,2024-05-03,10.6,10.6,10.15,10.17,2019
ENNAKL AUTOMOBILES,NAKL,2024-05-06,10.32,10.59,10.32,10.59,413
ENNAKL AUTOMOBILES,NAKL,2024-05-07,10.59,10.65,10.5,10.65,959
ENNAKL AUTOMOBILES,NAKL,2024-05-08,10.44,10.65,10.44,10.65,512
ENNAKL AUTOMOBILES,NAKL,2024-05-09,10.5,10.64,10.5,10.64,1203
ENNAKL AUTOMOBILES,NAKL,2024-05-10,10.54,10.62,10.5,10.51,2683
ENNAKL AUTOMOBILES,NAKL,2024-05-13,10.59,10.59,10.4,10.59,187
ENNAKL AUTOMOBILES,NAKL,2024-05-15,10.59,10.59,10.4,10.59,1038
ENNAKL AUTOMOBILES,NAKL,2024-05-16,10.5,10.5,10.3,10.3,1385
ENNAKL AUTOMOBILES,NAKL,2024-05-17,10.45,10.45,10.3,10.45,194
ENNAKL AUTOMOBILES,NAKL,2024-05-20,10.45,10.45,10.3,10.44,2524
ENNAKL AUTOMOBILES,NAKL,2024-05-21,10.44,10.44,10.27,10.4,1715
ENNAKL AUTOMOBILES,NAKL,2024-05-22,10.4,10.4,10.4,10.4,328
ENNAKL AUTOMOBILES,NAKL,2024-05-23,10.4,10.4,10.3,10.39,865
ENNAKL AUTOMOBILES,NAKL,2024-05-24,10.33,10.38,10.3,10.31,1465
ENNAKL AUTOMOBILES,NAKL,2024-05-27,10.31,10.38,10.31,10.38,120
ENNAKL AUTOMOBILES,NAKL,2024-05-28,10.38,10.38,10.31,10.37,246
ENNAKL AUTOMOBILES,NAKL,2024-05-29,10.37,10.57,10.37,10.57,587
ENNAKL AUTOMOBILES,NAKL,2024-05-31,10.5,10.57,10.4,10.57,2302
ENNAKL AUTOMOBILES,NAKL,2024-06-03,10.56,10.62,10.56,10.62,305
ENNAKL AUTOMOBILES,NAKL,2024-06-04,10.62,10.9,10.62,10.89,785
ENNAKL AUTOMOBILES,NAKL,2024-06-05,10.89,10.89,10.8,10.89,7228
ENNAKL AUTOMOBILES,NAKL,2024-06-06,10.89,10.89,10.57,10.86,429
ENNAKL AUTOMOBILES,NAKL,2024-06-07,10.86,10.86,10.57,10.84,58
ENNAKL AUTOMOBILES,NAKL,2024-06-11,10.84,10.84,10.6,10.8,111
ENNAKL AUTOMOBILES,NAKL,2024-06-12,10.8,10.8,10.61,10.61,928
ENNAKL AUTOMOBILES,NAKL,2024-06-13,10.61,10.7,10.61,10.7,1441
ENNAKL AUTOMOBILES,NAKL,2024-06-14,10.7,10.79,10.7,10.79,98
ENNAKL AUTOMOBILES,NAKL,2024-06-18,10.79,10.79,10.7,10.7,492
ENNAKL AUTOMOBILES,NAKL,2024-06-19,10.7,10.89,10.7,10.8,389
ENNAKL AUTOMOBILES,NAKL,2024-06-20,10.8,10.84,10.8,10.8,397
ENNAKL AUTOMOBILES,NAKL,2024-06-21,10.8,10.8,10.8,10.8,203
ENNAKL AUTOMOBILES,NAKL,2024-06-24,10.8,10.8,10.7,10.79,252
ENNAKL AUTOMOBILES,NAKL,2024-06-25,10.79,10.79,10.5,10.79,735
ENNAKL AUTOMOBILES,NAKL,2024-06-26,10.79,10.79,10.51,10.79,1434
ENNAKL AUTOMOBILES,NAKL,2024-06-27,10.79,10.8,10.79,10.8,1010
ENNAKL AUTOMOBILES,NAKL,2024-06-28,10.8,10.8,10.6,10.6,951
ENNAKL AUTOMOBILES,NAKL,2024-07-01,10.6,10.8,10.6,10.8,2
ENNAKL AUTOMOBILES,NAKL,2024-07-02,10.8,10.8,10.8,10.8,3
ENNAKL AUTOMOBILES,NAKL,2024-07-03,10.8,10.8,10.79,10.79,70
ENNAKL AUTOMOBILES,NAKL,2024-07-04,10.79,10.8,10.6,10.8,232
ENNAKL AUTOMOBILES,NAKL,2024-07-05,10.8,10.85,10.8,10.85,223
ENNAKL AUTOMOBILES,NAKL,2024-07-08,10.85,10.89,10.8,10.85,142
ENNAKL AUTOMOBILES,NAKL,2024-07-09,10.85,10.89,10.85,10.89,853
ENNAKL AUTOMOBILES,NAKL,2024-07-10,10.19,10.58,10.19,10.4,494
ENNAKL AUTOMOBILES,NAKL,2024-07-11,10.4,10.5,10.4,10.5,326
ENNAKL AUTOMOBILES,NAKL,2024-07-12,10.5,10.5,10.45,10.45,110
ENNAKL AUTOMOBILES,NAKL,2024-07-15,10.45,10.45,10.25,10.25,252
ENNAKL AUTOMOBILES,NAKL,2024-07-16,10.25,10.39,10.21,10.39,43
ENNAKL AUTOMOBILES,NAKL,2024-07-17,10.39,10.39,10.26,10.38,116
ENNAKL AUTOMOBILES,NAKL,2024-07-19,10.38,10.7,10.38,10.5,1921
ENNAKL AUTOMOBILES,NAKL,2024-07-22,10.5,10.5,10.43,10.48,212
ENNAKL AUTOMOBILES,NAKL,2024-07-23,10.48,10.48,10.41,10.47,393
ENNAKL AUTOMOBILES,NAKL,2024-07-24,10.47,10.47,10.4,10.4,483
ENNAKL AUTOMOBILES,NAKL,2024-07-26,10.4,10.4,10.4,10.4,31
ENNAKL AUTOMOBILES,NAKL,2024-07-29,10.4,10.4,10.26,10.3,732
ENNAKL AUTOMOBILES,NAKL,2024-07-30,10.3,10.3,10.25,10.3,638
ENNAKL AUTOMOBILES,NAKL,2024-07-31,10.3,10.3,10.3,10.3,10
ENNAKL AUTOMOBILES,NAKL,2024-08-01,10.3,10.48,10.24,10.26,4058
ENNAKL AUTOMOBILES,NAKL,2024-08-02,10.26,10.47,10.26,10.47,2
ENNAKL AUTOMOBILES,NAKL,2024-08-05,10.47,10.47,10.35,10.46,37
ENNAKL AUTOMOBILES,NAKL,2024-08-06,10.46,10.46,10.4,10.4,68
ENNAKL AUTOMOBILES,NAKL,2024-08-07,10.4,10.4,10.34,10.39,397
ENNAKL AUTOMOBILES,NAKL,2024-08-08,10.39,10.39,10.3,10.39,214
ENNAKL AUTOMOBILES,NAKL,2024-08-12,10.39,10.46,10.39,10.44,204
ENNAKL AUTOMOBILES,NAKL,2024-08-14,10.44,10.44,10.4,10.43,146
ENNAKL AUTOMOBILES,NAKL,2024-08-15,10.43,10.44,10.4,10.44,395
ENNAKL AUTOMOBILES,NAKL,2024-08-16,10.44,10.44,10.44,10.44,15
ENNAKL AUTOMOBILES,NAKL,2024-08-19,10.44,10.44,10.35,10.35,244
ENNAKL AUTOMOBILES,NAKL,2024-08-20,10.35,10.35,10.35,10.35,167
ENNAKL AUTOMOBILES,NAKL,2024-08-21,10.35,10.44,10.35,10.44,402
ENNAKL AUTOMOBILES,NAKL,2024-08-22,10.44,10.47,10.44,10.47,904
ENNAKL AUTOMOBILES,NAKL,2024-08-23,10.47,10.5,10.47,10.5,346
ENNAKL AUTOMOBILES,NAKL,2024-08-26,10.5,10.74,10.5,10.74,335
ENNAKL AUTOMOBILES,NAKL,2024-08-27,10.74,10.74,10.69,10.7,475
ENNAKL AUTOMOBILES,NAKL,2024-08-28,10.7,10.7,10.7,10.7,280
ENNAKL AUTOMOBILES,NAKL,2024-08-29,10.7,10.7,10.7,10.7,10
ENNAKL AUTOMOBILES,NAKL,2024-08-30,10.7,10.7,10.6,10.6,60
ENNAKL AUTOMOBILES,NAKL,2024-09-02,10.6,10.77,10.6,10.77,106
ENNAKL AUTOMOBILES,NAKL,2024-09-03,10.77,10.77,10.65,10.65,48
ENNAKL AUTOMOBILES,NAKL,2024-09-04,10.65,10.65,10.6,10.65,625
ENNAKL AUTOMOBILES,NAKL,2024-09-06,10.65,10.99,10.65,10.78,3190
ENNAKL AUTOMOBILES,NAKL,2024-09-09,10.78,11.19,10.78,11.15,452
ENNAKL AUTOMOBILES,NAKL,2024-09-10,11.15,11.15,10.78,11.0,2442
ENNAKL AUTOMOBILES,NAKL,2024-09-11,11.0,11.05,10.76,11.0,2323
ENNAKL AUTOMOBILES,NAKL,2024-09-12,11.0,11.15,11.0,11.14,548
ENNAKL AUTOMOBILES,NAKL,2024-09-13,11.14,11.14,11.14,11.14,3
ENNAKL AUTOMOBILES,NAKL,2024-09-16,11.14,11.14,10.8,11.0,789
ENNAKL AUTOMOBILES,NAKL,2024-09-17,11.0,11.09,11.0,11.09,1
ENNAKL AUTOMOBILES,NAKL,2024-09-18,11.09,11.09,10.99,10.99,50
ENNAKL AUTOMOBILES,NAKL,2024-09-19,10.99,11.09,10.99,11.09,8
ENNAKL AUTOMOBILES,NAKL,2024-09-20,11.09,11.12,10.85,10.9,727
ENNAKL AUTOMOBILES,NAKL,2024-09-23,10.9,10.96,10.8,10.9,718
ENNAKL AUTOMOBILES,NAKL,2024-09-24,10.9,10.94,10.9,10.92,170
ENNAKL AUTOMOBILES,NAKL,2024-09-25,10.92,11.0,10.8,10.94,1541
ENNAKL AUTOMOBILES,NAKL,2024-09-26,10.94,11.0,10.83,10.94,198
ENNAKL AUTOMOBILES,NAKL,2024-09-30,10.94,10.95,10.82,10.9,611
ENNAKL AUTOMOBILES,NAKL,2024-10-01,10.9,10.9,10.75,10.9,764
ENNAKL AUTOMOBILES,NAKL,2024-10-02,10.9,10.9,10.89,10.89,300
ENNAKL AUTOMOBILES,NAKL,2024-10-03,10.89,10.89,10.77,10.88,4
ENNAKL AUTOMOBILES,NAKL,2024-10-04,10.88,10.88,10.77,10.88,705
ENNAKL AUTOMOBILES,NAKL,2024-10-07,10.88,10.88,10.76,10.76,1591
ENNAKL AUTOMOBILES,NAKL,2024-10-08,10.76,10.76,10.6,10.6,460
ENNAKL AUTOMOBILES,NAKL,2024-10-09,10.6,10.7,10.6,10.65,1020
ENNAKL AUTOMOBILES,NAKL,2024-10-10,10.65,10.73,10.65,10.73,1
ENNAKL AUTOMOBILES,NAKL,2024-10-11,10.73,10.73,10.6,10.65,3004
ENNAKL AUTOMOBILES,NAKL,2024-10-14,10.65,10.65,10.6,10.6,139
ENNAKL AUTOMOBILES,NAKL,2024-10-16,10.6,10.6,10.6,10.6,1214
ENNAKL AUTOMOBILES,NAKL,2024-10-17,10.6,10.64,10.6,10.61,659
ENNAKL AUTOMOBILES,NAKL,2024-10-18,10.61,10.73,10.61,10.73,48
ENNAKL AUTOMOBILES,NAKL,2024-10-21,10.73,10.79,10.73,10.73,769
ENNAKL AUTOMOBILES,NAKL,2024-10-22,10.73,10.79,10.7,10.7,102
ENNAKL AUTOMOBILES,NAKL,2024-10-23,10.7,10.78,10.7,10.78,153
ENNAKL AUTOMOBILES,NAKL,2024-10-24,10.78,10.78,10.7,10.7,450
ENNAKL AUTOMOBILES,NAKL,2024-10-25,10.7,10.7,10.7,10.7,696
ENNAKL AUTOMOBILES,NAKL,2024-10-28,10.7,10.7,10.62,10.7,122
ENNAKL AUTOMOBILES,NAKL,2024-10-29,10.7,10.7,10.62,10.69,65
ENNAKL AUTOMOBILES,NAKL,2024-10-30,10.69,10.79,10.69,10.79,677
ENNAKL AUTOMOBILES,NAKL,2024-10-31,10.79,10.84,10.79,10.84,3
ENNAKL AUTOMOBILES,NAKL,2024-11-04,10.84,10.89,10.55,10.89,1290
ENNAKL AUTOMOBILES,NAKL,2024-11-05,10.89,10.89,10.7,10.7,6
ENNAKL AUTOMOBILES,NAKL,2024-11-07,10.7,10.88,10.7,10.88,5
ENNAKL AUTOMOBILES,NAKL,2024-11-11,10.88,10.88,10.51,10.88,1608
ENNAKL AUTOMOBILES,NAKL,2024-11-12,10.88,10.88,10.55,10.55,36
ENNAKL AUTOMOBILES,NAKL,2024-11-13,10.55,10.87,10.51,10.87,268
ENNAKL AUTOMOBILES,NAKL,2024-11-14,10.87,10.87,10.87,10.87,300
ENNAKL AUTOMOBILES,NAKL,2024-11-15,10.87,10.87,10.65,10.65,183
ENNAKL AUTOMOBILES,NAKL,2024-11-18,10.65,10.82,10.65,10.82,1
ENNAKL AUTOMOBILES,NAKL,2024-11-19,10.82,10.85,10.82,10.85,100
ENNAKL AUTOMOBILES,NAKL,2024-11-20,10.85,10.85,10.85,10.85,687
ENNAKL AUTOMOBILES,NAKL,2024-11-21,10.85,10.85,10.85,10.85,100
ENNAKL AUTOMOBILES,NAKL,2024-11-22,10.85,10.85,10.7,10.85,111
ENNAKL AUTOMOBILES,NAKL,2024-11-26,10.85,10.85,10.64,10.8,194
ENNAKL AUTOMOBILES,NAKL,2024-11-27,10.8,10.85,10.66,10.85,722
ENNAKL AUTOMOBILES,NAKL,2024-11-29,10.85,10.89,10.85,10.89,811
ENNAKL AUTOMOBILES,NAKL,2024-12-02,10.89,11.0,10.89,11.0,25
ENNAKL AUTOMOBILES,NAKL,2024-12-05,11.0,11.0,10.8,10.89,200
ENNAKL AUTOMOBILES,NAKL,2024-12-13,10.89,10.89,10.55,10.87,260
ENNAKL AUTOMOBILES,NAKL,2024-12-16,10.87,10.89,10.79,10.81,3476
ENNAKL AUTOMOBILES,NAKL,2024-12-18,10.81,10.9,10.81,10.89,1752
ENNAKL AUTOMOBILES,NAKL,2024-12-19,10.89,10.9,10.89,10.9,3177
ENNAKL AUTOMOBILES,NAKL,2024-12-20,10.9,11.0,10.89,10.9,2537
ENNAKL AUTOMOBILES,NAKL,2024-12-23,10.9,10.99,10.85,10.85,403
ENNAKL AUTOMOBILES,NAKL,2024-12-24,10.85,10.98,10.85,10.98,638
ENNAKL AUTOMOBILES,NAKL,2024-12-25,10.98,11.0,10.98,11.0,1807
ENNAKL AUTOMOBILES,NAKL,2024-12-30,10.9,10.9,10.5,10.5,269
ENNAKL AUTOMOBILES,NAKL,2024-12-31,10.5,10.79,10.5,10.61,1054
ENNAKL AUTOMOBILES,NAKL,2025-01-02,10.61,10.7,10.5,10.7,705
ENNAKL AUTOMOBILES,NAKL,2025-01-03,10.7,10.7,10.61,10.7,314
ENNAKL AUTOMOBILES,NAKL,2025-01-06,10.7,10.81,10.5,10.65,2695
ENNAKL AUTOMOBILES,NAKL,2025-01-07,10.65,10.65,10.51,10.51,59
ENNAKL AUTOMOBILES,NAKL,2025-01-08,10.51,10.66,10.5,10.5,1186
ENNAKL AUTOMOBILES,NAKL,2025-01-09,10.5,10.81,10.5,10.81,2341
ENNAKL AUTOMOBILES,NAKL,2025-01-10,10.81,10.81,10.7,10.81,378
ENNAKL AUTOMOBILES,NAKL,2025-01-13,10.81,10.81,10.5,10.8,715
ENNAKL AUTOMOBILES,NAKL,2025-01-14,10.8,10.8,10.8,10.8,30
ENNAKL AUTOMOBILES,NAKL,2025-01-15,10.8,10.8,10.6,10.6,353
ENNAKL AUTOMOBILES,NAKL,2025-01-16,10.6,10.97,10.6,10.92,4347
ENNAKL AUTOMOBILES,NAKL,2025-01-17,10.92,10.99,10.9,10.99,711
ENNAKL AUTOMOBILES,NAKL,2025-01-20,10.99,11.05,10.99,11.05,4359
ENNAKL AUTOMOBILES,NAKL,2025-01-21,11.05,11.05,10.86,11.05,2008
ENNAKL AUTOMOBILES,NAKL,2025-01-22,11.05,11.29,11.05,11.15,903
ENNAKL AUTOMOBILES,NAKL,2025-01-23,11.15,11.15,11.0,11.0,470
ENNAKL AUTOMOBILES,NAKL,2025-01-24,11.0,11.0,10.86,11.0,3982
ENNAKL AUTOMOBILES,NAKL,2025-01-27,11.0,11.45,10.85,11.4,549
ENNAKL AUTOMOBILES,NAKL,2025-01-28,11.4,11.5,11.4,11.4,113
ENNAKL AUTOMOBILES,NAKL,2025-01-29,11.4,11.49,11.39,11.49,96
ENNAKL AUTOMOBILES,NAKL,2025-01-30,11.49,11.49,11.01,11.19,92
ENNAKL AUTOMOBILES,NAKL,2025-01-31,11.19,11.19,11.18,11.18,82
ENNAKL AUTOMOBILES,NAKL,2025-02-03,11.18,11.5,11.18,11.49,569
ENNAKL AUTOMOBILES,NAKL,2025-02-04,11.49,11.5,11.18,11.5,912
ENNAKL AUTOMOBILES,NAKL,2025-02-05,11.5,11.55,11.4,11.55,1668
ENNAKL AUTOMOBILES,NAKL,2025-02-06,11.55,11.6,11.4,11.6,855
ENNAKL AUTOMOBILES,NAKL,2025-02-07,11.6,11.8,11.6,11.8,1240
ENNAKL AUTOMOBILES,NAKL,2025-02-11,11.8,11.8,11.31,11.76,352
ENNAKL AUTOMOBILES,NAKL,2025-02-12,11.76,11.76,11.32,11.66,453
ENNAKL AUTOMOBILES,NAKL,2025-02-13,11.66,11.66,11.6,11.66,990
ENNAKL AUTOMOBILES,NAKL,2025-02-14,11.66,11.75,11.66,11.75,280
ENNAKL AUTOMOBILES,NAKL,2025-02-17,11.75,11.75,11.75,11.75,140
ENNAKL AUTOMOBILES,NAKL,2025-02-18,11.75,11.75,11.65,11.65,91
ENNAKL AUTOMOBILES,NAKL,2025-02-19,11.65,11.8,11.65,11.8,1742
ENNAKL AUTOMOBILES,NAKL,2025-02-20,11.8,11.8,11.8,11.8,318
ENNAKL AUTOMOBILES,NAKL,2025-02-25,11.8,11.8,11.57,11.78,41
ENNAKL AUTOMOBILES,NAKL,2025-02-27,11.78,11.78,11.34,11.56,198
ENNAKL AUTOMOBILES,NAKL,2025-02-28,11.56,11.75,11.35,11.35,500
ENNAKL AUTOMOBILES,NAKL,2025-03-03,11.35,11.7,11.35,11.7,24
ENNAKL AUTOMOBILES,NAKL,2025-03-05,11.7,11.7,11.37,11.67,370
ENNAKL AUTOMOBILES,NAKL,2025-03-06,11.67,11.67,11.6,11.6,130
ENNAKL AUTOMOBILES,NAKL,2025-03-07,11.6,11.6,11.3,11.59,596
ENNAKL AUTOMOBILES,NAKL,2025-03-10,11.59,11.59,11.3,11.57,812
ENNAKL AUTOMOBILES,NAKL,2025-03-11,11.57,11.57,11.32,11.32,369
ENNAKL AUTOMOBILES,NAKL,2025-03-12,11.32,12.48,11.15,11.35,118016
ENNAKL AUTOMOBILES,NAKL,2025-03-13,11.35,11.59,11.35,11.58,37
ENNAKL AUTOMOBILES,NAKL,2025-03-14,11.58,11.6,11.37,11.37,206
ENNAKL AUTOMOBILES,NAKL,2025-03-17,11.37,11.57,11.37,11.57,439
ENNAKL AUTOMOBILES,NAKL,2025-03-18,11.57,11.57,11.37,11.57,260
ENNAKL AUTOMOBILES,NAKL,2025-03-19,11.57,11.57,11.4,11.54,937
ENNAKL AUTOMOBILES,NAKL,2025-03-21,11.54,11.56,11.4,11.5,240
ENNAKL AUTOMOBILES,NAKL,2025-03-24,11.5,11.6,11.5,11.6,100
ENNAKL AUTOMOBILES,NAKL,2025-03-26,11.6,11.6,11.5,11.55,32
ENNAKL AUTOMOBILES,NAKL,2025-03-28,11.55,11.99,11.5,11.5,16331
ENNAKL AUTOMOBILES,NAKL,2025-04-02,11.5,12.1,11.5,11.95,904
ENNAKL AUTOMOBILES,NAKL,2025-04-04,11.87,11.87,11.5,11.72,5344
ENNAKL AUTOMOBILES,NAKL,2025-04-07,11.72,11.72,11.51,11.52,2008
ENNAKL AUTOMOBILES,NAKL,2025-04-08,11.52,11.52,11.15,11.5,177
ENNAKL AUTOMOBILES,NAKL,2025-04-10,11.5,11.5,11.15,11.5,38
ENNAKL AUTOMOBILES,NAKL,2025-04-11,11.5,11.78,11.5,11.78,158
ENNAKL AUTOMOBILES,NAKL,2025-04-14,11.78,11.8,11.77,11.8,245
ENNAKL AUTOMOBILES,NAKL,2025-04-15,11.8,11.98,11.8,11.98,20
ENNAKL AUTOMOBILES,NAKL,2025-04-16,11.98,11.99,11.53,11.96,224
ENNAKL AUTOMOBILES,NAKL,2025-04-17,11.96,11.96,11.66,11.66,281
ENNAKL AUTOMOBILES,NAKL,2025-04-18,11.66,11.92,11.62,11.85,1102
ENNAKL AUTOMOBILES,NAKL,2025-04-21,11.85,11.85,11.6,11.62,198
ENNAKL AUTOMOBILES,NAKL,2025-04-22,11.62,11.69,11.51,11.59,256
ENNAKL AUTOMOBILES,NAKL,2025-04-23,11.59,11.6,11.36,11.6,40
ENNAKL AUTOMOBILES,NAKL,2025-04-24,11.6,11.6,11.22,11.45,109
ENNAKL AUTOMOBILES,NAKL,2025-04-25,11.45,11.5,11.3,11.5,413
ENNAKL AUTOMOBILES,NAKL,2025-04-28,11.5,11.6,11.5,11.6,247
ENNAKL AUTOMOBILES,NAKL,2025-04-29,11.6,11.6,11.6,11.6,1
ENNAKL AUTOMOBILES,NAKL,2025-04-30,11.6,11.6,11.5,11.5,201
ENNAKL AUTOMOBILES,NAKL,2025-05-02,11.5,11.5,11.36,11.5,296
ENNAKL AUTOMOBILES,NAKL,2025-05-05,11.5,11.75,11.35,11.5,40
ENNAKL AUTOMOBILES,NAKL,2025-05-06,11.5,11.73,11.5,11.5,70
ENNAKL AUTOMOBILES,NAKL,2025-05-07,11.5,11.5,11.36,11.36,151
ENNAKL AUTOMOBILES,NAKL,2025-05-08,11.36,11.6,11.36,11.6,692
ENNAKL AUTOMOBILES,NAKL,2025-05-09,11.6,11.6,11.5,11.5,23
ENNAKL AUTOMOBILES,NAKL,2025-05-12,11.5,11.65,11.35,11.65,137
ENNAKL AUTOMOBILES,NAKL,2025-05-13,11.65,11.78,11.65,11.78,452
ENNAKL AUTOMOBILES,NAKL,2025-05-14,11.78,11.78,11.36,11.75,52
ENNAKL AUTOMOBILES,NAKL,2025-05-15,11.75,11.75,11.54,11.54,30
ENNAKL AUTOMOBILES,NAKL,2025-05-16,11.54,11.74,11.54,11.74,189
ENNAKL AUTOMOBILES,NAKL,2025-05-20,11.74,11.74,11.56,11.74,105
ENNAKL AUTOMOBILES,NAKL,2025-05-21,11.74,11.98,11.74,11.93,2191
ENNAKL AUTOMOBILES,NAKL,2025-05-22,11.93,11.93,11.77,11.93,505
ENNAKL AUTOMOBILES,NAKL,2025-05-23,11.93,11.93,11.78,11.92,90
ENNAKL AUTOMOBILES,NAKL,2025-05-26,11.92,11.95,11.92,11.93,427
ENNAKL AUTOMOBILES,NAKL,2025-05-27,11.93,11.94,11.9,11.9,1168
ENNAKL AUTOMOBILES,NAKL,2025-05-28,11.9,12.22,11.9,12.2,3328
ENNAKL AUTOMOBILES,NAKL,2025-05-29,12.2,12.2,11.95,11.99,954
ENNAKL AUTOMOBILES,NAKL,2025-05-30,11.99,12.39,11.99,12.39,1120
ENNAKL AUTOMOBILES,NAKL,2025-06-02,12.39,12.44,12.11,12.43,5607
ENNAKL AUTOMOBILES,NAKL,2025-06-03,11.55,11.69,11.55,11.55,46
ENNAKL AUTOMOBILES,NAKL,2025-06-05,11.55,11.55,11.55,11.55,20
ENNAKL AUTOMOBILES,NAKL,2025-06-10,11.55,11.6,11.51,11.6,106
ENNAKL AUTOMOBILES,NAKL,2025-06-11,11.6,11.65,11.5,11.65,37
ENNAKL AUTOMOBILES,NAKL,2025-06-12,11.65,11.65,11.5,11.6,649
ENNAKL AUTOMOBILES,NAKL,2025-06-13,11.6,11.6,11.04,11.48,798
ENNAKL AUTOMOBILES,NAKL,2025-06-17,11.48,11.48,11.3,11.3,2181
ENNAKL AUTOMOBILES,NAKL,2025-06-18,11.3,11.39,11.3,11.39,4305
ENNAKL AUTOMOBILES,NAKL,2025-06-20,11.39,11.39,11.02,11.02,141
ENNAKL AUTOMOBILES,NAKL,2025-06-23,11.02,11.02,11.0,11.01,273
ENNAKL AUTOMOBILES,NAKL,2025-06-24,11.01,11.35,11.01,11.35,20
ENNAKL AUTOMOBILES,NAKL,2025-06-25,11.35,11.35,11.0,11.3,571
ENNAKL AUTOMOBILES,NAKL,2025-06-27,11.3,11.3,11.15,11.25,778
ENNAKL AUTOMOBILES,NAKL,2025-06-30,11.25,11.3,11.0,11.06,3162
ENNAKL AUTOMOBILES,NAKL,2025-07-01,11.06,11.28,11.06,11.28,81
ENNAKL AUTOMOBILES,NAKL,2025-07-02,11.28,11.3,11.1,11.29,414
ENNAKL AUTOMOBILES,NAKL,2025-07-03,11.29,11.7,11.12,11.7,475
ENNAKL AUTOMOBILES,NAKL,2025-07-04,11.7,11.95,11.7,11.91,438
ENNAKL AUTOMOBILES,NAKL,2025-07-07,11.91,11.91,11.44,11.45,63
ENNAKL AUTOMOBILES,NAKL,2025-07-08,11.45,12.0,11.45,12.0,2018
ENNAKL AUTOMOBILES,NAKL,2025-07-11,12.0,12.6,12.0,12.55,3114
ENNAKL AUTOMOBILES,NAKL,2025-07-14,12.55,12.55,12.41,12.44,1881
ENNAKL AUTOMOBILES,NAKL,2025-07-15,12.44,12.55,12.44,12.55,832
ENNAKL AUTOMOBILES,NAKL,2025-07-16,12.55,12.8,12.55,12.8,8615
ENNAKL AUTOMOBILES,NAKL,2025-07-17,12.8,12.98,12.8,12.98,2463
ENNAKL AUTOMOBILES,NAKL,2025-07-18,12.98,12.98,12.97,12.97,9
ENNAKL AUTOMOBILES,NAKL,2025-07-21,12.97,13.0,12.2,13.0,1538
ENNAKL AUTOMOBILES,NAKL,2025-07-22,13.0,13.78,13.0,13.78,2442
ENNAKL AUTOMOBILES,NAKL,2025-07-23,13.78,13.95,13.06,13.85,158
ENNAKL AUTOMOBILES,NAKL,2025-07-24,13.85,13.89,13.06,13.85,2737
ENNAKL AUTOMOBILES,NAKL,2025-07-28,13.85,14.0,13.3,14.0,755
ENNAKL AUTOMOBILES,NAKL,2025-07-29,14.0,14.0,13.99,13.99,640
ENNAKL AUTOMOBILES,NAKL,2025-07-30,13.99,13.99,13.35,13.9,2067
ENNAKL AUTOMOBILES,NAKL,2025-07-31,13.9,13.9,13.85,13.85,25
ENNAKL AUTOMOBILES,NAKL,2025-08-01,13.85,13.85,13.85,13.85,82
ENNAKL AUTOMOBILES,NAKL,2025-08-05,13.85,13.85,13.6,13.68,495
ENNAKL AUTOMOBILES,NAKL,2025-08-06,13.68,13.68,13.5,13.5,1197
ENNAKL AUTOMOBILES,NAKL,2025-08-07,13.5,13.6,13.5,13.6,189
ENNAKL AUTOMOBILES,NAKL,2025-08-08,13.6,13.6,13.5,13.6,174
ENNAKL AUTOMOBILES,NAKL,2025-08-11,13.6,13.6,13.22,13.58,132
ENNAKL AUTOMOBILES,NAKL,2025-08-12,13.58,13.58,13.5,13.5,60
ENNAKL AUTOMOBILES,NAKL,2025-08-14,13.5,13.9,13.2,13.9,6092
ENNAKL AUTOMOBILES,NAKL,2025-08-15,13.9,13.9,13.9,13.9,18
ENNAKL AUTOMOBILES,NAKL,2025-08-18,13.9,14.0,13.9,14.0,101
ENNAKL AUTOMOBILES,NAKL,2025-08-19,14.0,14.2,14.0,14.15,780
ENNAKL AUTOMOBILES,NAKL,2025-08-20,14.15,14.15,14.0,14.1,7817
ENNAKL AUTOMOBILES,NAKL,2025-08-21,14.1,14.5,14.0,14.5,24493
ENNAKL AUTOMOBILES,NAKL,2025-08-22,14.5,14.7,14.2,14.7,3100
ENNAKL AUTOMOBILES,NAKL,2025-08-25,14.7,14.7,14.7,14.7,11
ENNAKL AUTOMOBILES,NAKL,2025-08-26,14.7,14.75,14.55,14.75,3805
ENNAKL AUTOMOBILES,NAKL,2025-08-27,14.75,15.25,14.75,15.25,427
ENNAKL AUTOMOBILES,NAKL,2025-08-28,15.25,15.49,15.25,15.47,1252
ENNAKL AUTOMOBILES,NAKL,2025-08-29,15.47,15.47,15.25,15.44,613
ENNAKL AUTOMOBILES,NAKL,2025-09-01,15.44,15.8,15.44,15.7,2087
ENNAKL AUTOMOBILES,NAKL,2025-09-02,15.7,16.0,15.25,15.5,162
ENNAKL AUTOMOBILES,NAKL,2025-09-03,15.5,15.8,15.5,15.65,161
ENNAKL AUTOMOBILES,NAKL,2025-09-05,15.65,16.1,15.65,16.1,8541
ENNAKL AUTOMOBILES,NAKL,2025-09-08,16.1,17.0,16.1,16.85,1495
ENNAKL AUTOMOBILES,NAKL,2025-09-09,16.85,16.9,16.6,16.85,820
ENNAKL AUTOMOBILES,NAKL,2025-09-10,16.85,16.85,15.9,16.82,92
ENNAKL AUTOMOBILES,NAKL,2025-09-11,16.82,16.82,16.059,16.58,58
ENNAKL AUTOMOBILES,NAKL,2025-09-12,16.58,16.8,16.25,16.8,7107
ENNAKL AUTOMOBILES,NAKL,2025-09-15,16.8,17.0,16.8,16.89,4902
ENNAKL AUTOMOBILES,NAKL,2025-09-16,16.89,17.05,16.89,17.05,3468
ENNAKL AUTOMOBILES,NAKL,2025-09-17,17.05,17.05,16.85,16.9,1057
ENNAKL AUTOMOBILES,NAKL,2025-09-18,16.9,17.0,16.8,16.82,9601
ENNAKL AUTOMOBILES,NAKL,2025-09-19,16.82,16.82,16.49,16.5,1956
ENNAKL AUTOMOBILES,NAKL,2025-09-22,16.5,16.5,16.26,16.5,2981
ENNAKL AUTOMOBILES,NAKL,2025-09-23,16.5,16.5,16.48,16.48,5243
ENNAKL AUTOMOBILES,NAKL,2025-09-24,16.48,16.48,16.1,16.4,903
ENNAKL AUTOMOBILES,NAKL,2025-09-25,16.4,16.4,15.72,16.14,1328
ENNAKL AUTOMOBILES,NAKL,2025-09-26,16.14,16.14,15.68,15.68,1190
ENNAKL AUTOMOBILES,NAKL,2025-09-29,15.68,15.75,15.3,15.5,2624
ENNAKL AUTOMOBILES,NAKL,2025-09-30,15.5,15.5,15.2,15.2,308
ENNAKL AUTOMOBILES,NAKL,2025-10-01,15.2,15.3,15.2,15.3,141
ENNAKL AUTOMOBILES,NAKL,2025-10-02,15.3,15.3,15.3,15.3,1947
ENNAKL AUTOMOBILES,NAKL,2025-10-03,15.3,15.38,15.3,15.38,67
ENNAKL AUTOMOBILES,NAKL,2025-10-06,15.38,15.39,15.3,15.39,609
ENNAKL AUTOMOBILES,NAKL,2025-10-07,15.39,15.39,15.3,15.3,681
ENNAKL AUTOMOBILES,NAKL,2025-10-08,15.3,15.3,15.03,15.18,223
ENNAKL AUTOMOBILES,NAKL,2025-10-09,15.18,15.18,14.9,14.9,949
ENNAKL AUTOMOBILES,NAKL,2025-10-10,14.9,15.3,14.9,14.91,1126
ENNAKL AUTOMOBILES,NAKL,2025-10-13,14.91,15.3,14.8,14.83,129
ENNAKL AUTOMOBILES,NAKL,2025-10-14,14.83,15.29,14.83,15.25,224
ENNAKL AUTOMOBILES,NAKL,2025-10-17,15.25,15.25,15.0,15.19,160
ENNAKL AUTOMOBILES,NAKL,2025-10-20,15.19,15.19,14.59,15.14,184
ENNAKL AUTOMOBILES,NAKL,2025-10-21,15.14,15.14,15.0,15.14,313
ENNAKL AUTOMOBILES,NAKL,2025-10-22,15.14,15.14,14.7,15.14,1241
ENNAKL AUTOMOBILES,NAKL,2025-10-23,15.14,15.16,14.54,15.16,618
ENNAKL AUTOMOBILES,NAKL,2025-10-24,15.16,15.16,15.15,15.15,70
ENNAKL AUTOMOBILES,NAKL,2025-10-27,15.15,15.15,14.85,15.15,415
ENNAKL AUTOMOBILES,NAKL,2025-10-28,15.15,15.91,15.0,15.0,671
ENNAKL AUTOMOBILES,NAKL,2025-10-30,15.0,15.0,14.5,14.8,809
ENNAKL AUTOMOBILES,NAKL,2025-10-31,14.8,14.99,14.7,14.7,12
ENNAKL AUTOMOBILES,NAKL,2025-11-03,14.7,14.7,14.5,14.69,156
ENNAKL AUTOMOBILES,NAKL,2025-11-04,14.69,14.69,13.9,14.67,860
ENNAKL AUTOMOBILES,NAKL,2025-11-05,14.67,14.95,14.5,14.95,2494
ENNAKL AUTOMOBILES,NAKL,2025-11-06,14.95,15.5,14.95,15.5,4274
ENNAKL AUTOMOBILES,NAKL,2025-11-07,15.5,15.81,15.5,15.81,604
ENNAKL AUTOMOBILES,NAKL,2025-11-10,15.81,16.0,15.81,16.0,7
ENNAKL AUTOMOBILES,NAKL,2025-11-11,16.0,16.0,15.99,15.99,112
ENNAKL AUTOMOBILES,NAKL,2025-11-12,15.99,15.99,15.92,15.92,3
ENNAKL AUTOMOBILES,NAKL,2025-11-13,15.92,15.95,15.6,15.6,444
ENNAKL AUTOMOBILES,NAKL,2025-11-14,15.6,15.6,15.1,15.1,294
ENNAKL AUTOMOBILES,NAKL,2025-11-17,15.1,15.7,15.1,15.7,8
ENNAKL AUTOMOBILES,NAKL,2025-11-18,15.7,15.7,15.06,15.6,446
ENNAKL AUTOMOBILES,NAKL,2025-11-20,15.6,15.6,15.3,15.39,246
ENNAKL AUTOMOBILES,NAKL,2025-11-21,15.39,15.39,15.34,15.39,233
ENNAKL AUTOMOBILES,NAKL,2025-11-24,15.39,15.39,15.09,15.09,766
ENNAKL AUTOMOBILES,NAKL,2025-11-25,15.09,15.2,15.0,15.0,4505
ENNAKL AUTOMOBILES,NAKL,2025-11-26,15.0,15.38,15.0,15.2,2002
ENNAKL AUTOMOBILES,NAKL,2025-11-27,15.2,15.38,14.99,15.1,163
ENNAKL AUTOMOBILES,NAKL,2025-11-28,15.1,15.1,14.9,15.0,564
ENNAKL AUTOMOBILES,NAKL,2025-12-01,15.0,15.0,14.71,15.0,2209
ENNAKL AUTOMOBILES,NAKL,2025-12-02,15.0,15.28,14.9,15.28,56
ENNAKL AUTOMOBILES,NAKL,2025-12-03,15.28,15.28,14.5,14.99,5199
ENNAKL AUTOMOBILES,NAKL,2025-12-05,14.99,14.99,14.7,14.8,1604
ENNAKL AUTOMOBILES,NAKL,2025-12-08,14.8,15.15,14.7,15.15,3541
ENNAKL AUTOMOBILES,NAKL,2025-12-09,15.15,15.17,14.55,15.17,30
ENNAKL AUTOMOBILES,NAKL,2025-12-11,15.17,15.17,14.61,15.15,147
ENNAKL AUTOMOBILES,NAKL,2025-12-12,15.15,15.15,14.8,15.12,982
ENNAKL AUTOMOBILES,NAKL,2025-12-15,15.12,15.12,14.8,14.99,307
ENNAKL AUTOMOBILES,NAKL,2025-12-16,14.99,14.99,14.99,14.99,349
ENNAKL AUTOMOBILES,NAKL,2025-12-18,15.06,15.17,15.05,15.17,1237
ENNAKL AUTOMOBILES,NAKL,2025-12-19,15.17,15.17,14.87,15.16,357
ENNAKL AUTOMOBILES,NAKL,2025-12-22,15.16,15.17,15.0,15.0,247
ENNAKL AUTOMOBILES,NAKL,2025-12-23,15.0,15.15,14.7,15.15,563
ENNAKL AUTOMOBILES,NAKL,2025-12-24,15.15,15.15,14.85,15.14,362
ENNAKL AUTOMOBILES,NAKL,2025-12-25,15.14,15.14,15.1,15.1,1
ENNAKL AUTOMOBILES,NAKL,2025-12-26,15.1,15.1,14.8,15.1,102
ENNAKL AUTOMOBILES,NAKL,2025-12-29,15.1,15.1,14.8,15.08,144
ENNAKL AUTOMOBILES,NAKL,2025-12-30,15.08,15.08,15.0,15.08,41
ENNAKL AUTOMOBILES,NAKL,2025-12-31,15.08,15.08,14.8,15.08,37
ENNAKL AUTOMOBILES,NAKL,2026-01-02,15.08,15.08,15.07,15.07,3
ENNAKL AUTOMOBILES,NAKL,2026-01-05,15.07,15.07,14.78,14.78,551
ENNAKL AUTOMOBILES,NAKL,2026-01-06,14.78,14.78,14.78,14.78,130
ENNAKL AUTOMOBILES,NAKL,2026-01-07,14.78,15.0,14.78,14.99,154
ENNAKL AUTOMOBILES,NAKL,2026-01-08,14.99,14.99,14.85,14.85,104
ENNAKL AUTOMOBILES,NAKL,2026-01-09,14.85,14.85,14.3,14.3,1052
ENNAKL AUTOMOBILES,NAKL,2026-01-12,14.3,14.57,13.6,14.57,3168
ENNAKL AUTOMOBILES,NAKL,2026-01-13,14.57,14.57,14.01,14.47,1340
ENNAKL AUTOMOBILES,NAKL,2026-01-14,14.47,14.7,14.1,14.7,1177
ENNAKL AUTOMOBILES,NAKL,2026-01-15,14.7,14.8,14.5,14.5,450
ENNAKL AUTOMOBILES,NAKL,2026-01-16,14.5,14.7,14.5,14.5,1905
ENNAKL AUTOMOBILES,NAKL,2026-01-19,14.5,14.7,14.5,14.7,4542
ENNAKL AUTOMOBILES,NAKL,2026-01-20,14.7,14.9,14.7,14.8,15
ENNAKL AUTOMOBILES,NAKL,2026-01-21,14.8,15.0,14.5,14.89,2182
ENNAKL AUTOMOBILES,NAKL,2026-01-22,14.89,15.1,14.89,15.1,2837
ENNAKL AUTOMOBILES,NAKL,2026-01-23,15.1,15.1,15.0,15.02,4559
ENNAKL AUTOMOBILES,NAKL,2026-01-26,15.02,15.35,15.0,15.35,8545
ENNAKL AUTOMOBILES,NAKL,2026-01-27,15.35,15.4,15.0,15.4,6099
ENNAKL AUTOMOBILES,NAKL,2026-01-28,15.4,15.4,15.03,15.1,8279
ENNAKL AUTOMOBILES,NAKL,2026-01-29,15.1,15.4,15.1,15.3,10195
ENNAKL AUTOMOBILES,NAKL,2026-01-30,15.3,15.3,15.1,15.3,13681
ENNAKL AUTOMOBILES,NAKL,2026-02-02,15.3,15.4,15.1,15.4,351
ENNAKL AUTOMOBILES,NAKL,2026-02-03,15.4,15.4,15.13,15.13,504
ENNAKL AUTOMOBILES,NAKL,2026-02-04,15.13,15.5,15.13,15.5,1284
ENNAKL AUTOMOBILES,NAKL,2026-02-05,15.5,16.43,15.5,16.43,4263
ENNAKL AUTOMOBILES,NAKL,2026-02-06,16.43,17.41,16.43,17.4,1628
ENNAKL AUTOMOBILES,NAKL,2026-02-09,17.4,17.8,16.9,17.1,1300
ENNAKL AUTOMOBILES,NAKL,2026-02-10,17.1,17.1,16.9,17.1,403
ENNAKL AUTOMOBILES,NAKL,2026-02-11,17.1,17.1,16.4,17.0,347
ENNAKL AUTOMOBILES,NAKL,2026-02-12,17.0,17.0,16.65,16.65,580
ENNAKL AUTOMOBILES,NAKL,2026-02-13,16.65,16.99,16.65,16.99,89
ENNAKL AUTOMOBILES,NAKL,2026-02-16,16.99,17.0,16.67,17.0,827
ENNAKL AUTOMOBILES,NAKL,2026-02-17,17.0,17.0,16.6,16.99,733
ENNAKL AUTOMOBILES,NAKL,2026-02-18,16.99,17.09,16.99,17.05,403
ENNAKL AUTOMOBILES,NAKL,2026-02-19,17.05,17.3,17.0,17.3,1125
ENNAKL AUTOMOBILES,NAKL,2026-02-20,17.3,17.3,17.08,17.3,2740
ENNAKL AUTOMOBILES,NAKL,2026-02-23,17.3,17.3,17.1,17.3,118
ENNAKL AUTOMOBILES,NAKL,2026-02-24,17.3,17.65,17.3,17.65,931
ENNAKL AUTOMOBILES,NAKL,2026-02-25,17.65,17.65,17.2,17.63,6551
ENNAKL AUTOMOBILES,NAKL,2026-02-26,17.63,17.63,17.4,17.5,4168
ENNAKL AUTOMOBILES,NAKL,2026-02-27,17.5,17.6,17.5,17.6,1323
ENNAKL AUTOMOBILES,NAKL,2026-03-02,17.6,17.6,17.1,17.4,2536
ENNAKL AUTOMOBILES,NAKL,2026-03-03,17.4,17.4,17.3,17.3,2509
ENNAKL AUTOMOBILES,NAKL,2026-03-04,17.3,17.6,17.3,17.6,3039
ENNAKL AUTOMOBILES,NAKL,2026-03-05,17.6,17.6,17.3,17.6,143
ENNAKL AUTOMOBILES,NAKL,2026-03-06,17.6,17.6,17.3,17.5,1295
ENNAKL AUTOMOBILES,NAKL,2026-03-09,17.5,17.5,17.5,17.5,223
ENNAKL AUTOMOBILES,NAKL,2026-03-10,17.5,17.5,17.0,17.3,12897
ENNAKL AUTOMOBILES,NAKL,2026-03-11,17.3,17.3,17.3,17.3,380
ENNAKL AUTOMOBILES,NAKL,2026-03-12,17.3,17.45,17.3,17.4,1570
ENNAKL AUTOMOBILES,NAKL,2026-03-13,17.4,17.5,17.4,17.5,1806
ENNAKL AUTOMOBILES,NAKL,2026-03-16,17.5,18.55,17.5,18.55,3725
ENNAKL AUTOMOBILES,NAKL,2026-03-17,18.55,19.66,18.55,19.66,3962
ENNAKL AUTOMOBILES,NAKL,2026-03-18,19.66,19.7,19.5,19.7,3770
ENNAKL AUTOMOBILES,NAKL,2026-03-19,19.7,19.7,19.13,19.4,4579
ENNAKL AUTOMOBILES,NAKL,2026-03-23,19.4,19.8,19.4,19.65,1780
ENNAKL AUTOMOBILES,NAKL,2026-03-24,19.65,19.65,19.12,19.51,2073
ENNAKL AUTOMOBILES,NAKL,2026-03-25,19.51,19.51,19.0,19.31,4660
ENNAKL AUTOMOBILES,NAKL,2026-03-26,19.31,19.51,19.1,19.3,3731
ENNAKL AUTOMOBILES,NAKL,2026-03-27,19.3,19.3,19.0,19.25,5606
ENNAKL AUTOMOBILES,NAKL,2026-03-30,19.25,19.25,18.71,18.95,5296
ENNAKL AUTOMOBILES,NAKL,2026-03-31,18.95,18.95,17.82,18.7,3369
ENNAKL AUTOMOBILES,NAKL,2026-04-01,18.7,18.7,18.2,18.65,43
ENNAKL AUTOMOBILES,NAKL,2026-04-02,18.65,18.65,17.67,18.25,367
ENNAKL AUTOMOBILES,NAKL,2026-04-03,18.25,18.25,18.18,18.18,197
ENNAKL AUTOMOBILES,NAKL,2026-04-06,18.18,18.25,18.0,18.23,129
ENNAKL AUTOMOBILES,NAKL,2026-04-07,18.23,18.25,18.2,18.2,581
ENNAKL AUTOMOBILES,NAKL,2026-04-08,18.2,18.5,17.66,17.66,6080
ENNAKL AUTOMOBILES,NAKL,2026-04-10,17.66,18.1,17.66,18.1,540
ENNAKL AUTOMOBILES,NAKL,2026-04-13,18.1,18.1,18.1,18.1,25
ENNAKL AUTOMOBILES,NAKL,2026-04-14,18.1,18.1,17.8,18.0,380
ENNAKL AUTOMOBILES,NAKL,2026-04-15,18.0,18.0,17.9,17.99,1426
ENNAKL AUTOMOBILES,NAKL,2026-04-16,17.99,17.99,17.59,17.7,10201
ENNAKL AUTOMOBILES,NAKL,2026-04-17,17.7,17.99,17.4,17.79,867
ENNAKL AUTOMOBILES,NAKL,2026-04-20,17.79,17.79,17.4,17.4,5892
ENNAKL AUTOMOBILES,NAKL,2026-04-21,17.4,17.4,17.38,17.4,10284
ENNAKL AUTOMOBILES,NAKL,2026-04-22,17.4,17.4,17.3,17.3,1596
ENNAKL AUTOMOBILES,NAKL,2026-04-23,17.3,17.4,17.3,17.4,463
ENNAKL AUTOMOBILES,NAKL,2026-04-24,17.4,17.4,17.3,17.3,1487
ENNAKL AUTOMOBILES,NAKL,2026-04-27,17.3,17.39,17.28,17.3,2470
ENNAKL AUTOMOBILES,NAKL,2026-04-28,17.3,17.3,17.12,17.3,596
ENNAKL AUTOMOBILES,NAKL,2026-04-29,17.3,17.3,17.2,17.3,1489
ENNAKL AUTOMOBILES,NAKL,2026-04-30,17.3,17.3,17.24,17.29,1400
ENNAKL AUTOMOBILES,NAKL,2026-05-04,17.29,17.29,17.22,17.25,1400
ENNAKL AUTOMOBILES,NAKL,2026-05-05,17.24,17.24,17.1,17.1,1400
ENNAKL AUTOMOBILES,NAKL,2026-05-06,17.01,17.1,16.82,17.0,10353
ENNAKL AUTOMOBILES,NAKL,2026-05-07,17.0,17.0,16.9,17.0,1712
ENNAKL AUTOMOBILES,NAKL,2026-05-08,17.19,17.19,16.8,17.19,9973
ENNAKL AUTOMOBILES,NAKL,2026-05-11,17.0,17.0,16.8,17.0,2535
ENNAKL AUTOMOBILES,NAKL,2026-05-12,16.87,17.0,16.7,16.87,2290
ENNAKL AUTOMOBILES,NAKL,2026-05-13,17.1,17.1,16.7,17.1,22873
ENNAKL AUTOMOBILES,NAKL,2026-05-14,17.2,17.2,17.1,17.2,6229
ENNAKL AUTOMOBILES,NAKL,2026-05-15,17.89,17.9,17.2,17.89,1610
ENNAKL AUTOMOBILES,NAKL,2026-05-18,18.9,18.96,17.55,18.9,14540
ENNAKL AUTOMOBILES,NAKL,2026-05-19,20.03,20.03,18.3,20.03,19438
ENNAKL AUTOMOBILES,NAKL,2026-05-20,20.0,20.49,20.0,20.0,4493
ENNAKL AUTOMOBILES,NAKL,2026-05-21,19.25,19.85,19.25,19.25,2728
ENNAKL AUTOMOBILES,NAKL,2026-05-22,19.59,19.6,19.25,19.59,2041
ENNAKL AUTOMOBILES,NAKL,2026-05-25,19.8,19.8,19.26,19.8,7656
ENNAKL AUTOMOBILES,NAKL,2026-05-26,20.0,20.14,19.8,20.0,992
ENNAKL AUTOMOBILES,NAKL,2026-05-29,20.0,20.0,19.51,20.0,553
ENNAKL AUTOMOBILES,NAKL,2026-06-01,20.2,20.2,20.0,20.2,1921
ENNAKL AUTOMOBILES,NAKL,2026-06-02,20.0,20.2,20.0,20.0,2163
ENNAKL AUTOMOBILES,NAKL,2026-06-03,20.0,20.0,19.8,20.0,3273
ENNAKL AUTOMOBILES,NAKL,2026-06-04,21.2,21.2,20.0,21.2,1889
ENNAKL AUTOMOBILES,NAKL,2026-06-08,21.89,22.2,21.13,21.89,11684
ENNAKL AUTOMOBILES,NAKL,2026-06-09,21.98,22.3,21.51,21.98,5704
ENNAKL AUTOMOBILES,NAKL,2026-06-10,21.71,21.98,21.71,21.71,2759
ENNAKL AUTOMOBILES,NAKL,2026-06-11,22.0,22.46,21.73,22.0,4595
ENNAKL AUTOMOBILES,NAKL,2026-06-12,21.8,22.1,21.71,21.8,1234
ENNAKL AUTOMOBILES,NAKL,2026-06-15,21.9,21.9,21.5,21.9,3402
ENNAKL AUTOMOBILES,NAKL,2026-06-17,21.9,21.9,21.8,21.9,953
